Home,Win,Minutes,FieldGoals,FieldGoalsAttempts,FieldGoals%,3P,3PA,3P%,FreeThrows,FreeThrowAttempts,FreeThrows%,ORebounds,DRebounds,TotalRebounds,Assists,Steals,Blocks,Turnovers,Fouls,Points,GameScore
0,1,3.55,1,1,1.000,0,0,,0,0,,0,0,0,0,0,0,1,0,2,0.7
1,0,18.09,5,8,.625,0,0,,0,0,,3,6,9,1,0,0,2,3,10,7.8
0,0,24.26,4,9,.444,0,0,,0,0,,3,1,4,0,0,0,1,2,8,3.9
1,0,17.44,1,4,.250,0,0,,3,4,.750,1,2,3,0,0,1,1,1,5,2.8
0,0,17.00,2,4,.500,0,0,,0,2,.000,2,2,4,1,1,1,1,1,4,4.2
1,1,15.37,3,3,1.000,0,0,,4,4,1.000,0,2,2,1,2,0,1,2,10,10.6
1,1,14.26,4,7,.571,0,0,,0,1,.000,3,2,5,4,2,0,2,0,8,9.8
1,1,5.48,1,3,.333,0,1,.000,1,2,.500,2,3,5,0,0,0,1,2,3,1.4
0,0,18.17,2,3,.667,0,0,,0,0,,2,4,6,0,3,0,0,3,4,7.1
0,1,0.40,0,0,,0,0,,0,0,,1,0,1,0,0,0,0,0,0,0.7
0,0,31.54,8,13,.615,1,1,1.000,6,6,1.000,6,6,12,0,2,3,0,2,23,26.4
1,0,17.51,2,6,.333,0,1,.000,2,2,1.000,2,2,4,1,1,0,0,3,6,5.1
1,0,27.21,3,7,.429,0,0,,5,7,.714,4,7,11,2,2,1,1,0,11,14.5
1,0,24.27,7,13,.538,0,1,.000,2,3,.667,1,5,6,2,0,0,1,5,16,9.9
1,0,12.24,3,4,.750,0,0,,0,0,,1,1,2,0,0,0,3,4,6,0.8
0,0,18.34,2,3,.667,1,1,1.000,3,4,.750,2,4,6,0,1,0,3,3,8,5.7
0,0,25.22,4,7,.571,0,1,.000,0,2,.000,1,5,6,2,0,2,1,1,8,7.5
0,0,10.08,3,6,.500,1,1,1.000,0,0,,0,3,3,0,0,1,0,1,7,5.2
0,1,13.54,4,7,.571,0,0,,0,0,,1,5,6,0,0,0,0,0,8,6.9
1,0,17.04,2,6,.333,0,0,,0,0,,1,3,4,1,0,0,0,1,4,2.5
1,1,24.31,5,10,.500,1,2,.500,8,8,1.000,3,3,6,4,1,0,2,5,19,16.8
1,1,22.05,3,3,1.000,0,0,,3,3,1.000,0,7,7,1,1,0,1,1,9,10.5
0,1,20.33,3,4,.750,0,0,,0,0,,2,1,3,2,2,2,2,3,6,7.7
0,0,21.01,1,5,.200,0,2,.000,5,6,.833,3,7,10,0,1,0,2,3,7,5.5
1,0,22.53,6,8,.750,0,1,.000,1,2,.500,1,2,3,2,0,1,0,2,13,12.0
1,0,29.59,5,7,.714,0,0,,5,6,.833,6,4,10,5,0,0,3,1,15,17.2
0,1,21.32,5,7,.714,1,2,.500,2,2,1.000,5,4,9,2,1,0,2,3,13,14.0
0,0,26.09,10,19,.526,1,2,.500,1,2,.500,5,2,7,5,1,1,3,4,22,17.0
0,0,17.21,3,7,.429,1,1,1.000,0,0,,1,2,3,2,1,0,2,4,7,3.4
1,0,22.25,4,11,.364,0,0,,2,3,.667,2,5,7,1,1,1,2,6,10,4.4
0,0,18.22,3,6,.500,0,0,,4,4,1.000,3,3,6,1,0,2,2,0,10,10.1
0,0,5.24,0,0,,0,0,,0,0,,0,1,1,1,0,0,2,2,0,-1.8
1,0,21.54,3,7,.429,0,1,.000,3,4,.750,4,6,10,2,2,1,2,5,9,9.6
0,1,25.45,2,5,.400,0,1,.000,0,0,,2,3,5,3,0,0,2,1,4,3.3
0,0,18.31,4,4,1.000,1,1,1.000,0,0,,3,2,5,1,0,0,1,2,9,9.4
1,1,23.08,2,4,.500,0,1,.000,0,0,,0,7,7,9,0,1,1,1,4,9.7
1,1,15.45,3,6,.500,0,1,.000,0,0,,3,4,7,2,3,0,1,4,6,8.1
1,0,17.40,4,7,.571,0,0,,1,1,1.000,2,4,6,5,0,1,1,2,9,10.7
1,1,24.14,6,11,.545,1,3,.333,5,6,.833,2,0,2,3,4,0,1,2,18,18.0
1,0,19.09,2,4,.500,0,1,.000,2,2,1.000,1,2,3,1,1,0,1,2,6,5.2
1,0,13.43,2,3,.667,0,0,,5,5,1.000,1,1,2,2,2,0,0,3,9,10.9
1,1,31.50,7,11,.636,1,1,1.000,2,2,1.000,1,4,5,3,2,3,0,3,17,19.0
1,0,18.15,5,7,.714,0,1,.000,5,6,.833,3,7,10,3,2,1,0,2,15,19.9
0,0,19.12,1,6,.167,0,0,,1,2,.500,3,4,7,4,1,1,3,2,3,2.8
0,1,25.28,7,12,.583,0,1,.000,1,3,.333,5,5,10,3,1,1,0,5,15,15.4
0,0,35.18,7,15,.467,1,2,.500,1,1,1.000,3,8,11,2,5,0,3,4,16,14.6
1,1,29.57,12,18,.667,1,3,.333,2,4,.500,3,11,14,4,0,1,2,3,27,24.1
0,0,29.01,3,9,.333,1,2,.500,1,2,.500,3,3,6,4,2,0,0,5,8,8.3
1,1,25.42,6,14,.429,2,2,1.000,2,2,1.000,4,8,12,3,0,2,1,6,16,13.9
0,1,18.34,4,9,.444,1,1,1.000,4,4,1.000,3,3,6,0,1,0,1,3,13,10.1
0,0,13.57,1,5,.200,0,1,.000,0,0,,1,2,3,0,1,0,1,2,2,-0.6
0,1,24.55,2,7,.286,0,1,.000,1,1,1.000,0,6,6,2,1,0,1,0,5,4.1
0,0,3.40,0,0,,0,0,,0,0,,0,1,1,0,0,0,1,4,0,-2.3
1,0,30.12,10,15,.667,1,2,.500,2,2,1.000,3,10,13,4,2,0,4,4,23,20.8
1,0,20.11,4,8,.500,1,2,.500,4,4,1.000,4,9,13,6,2,0,2,5,13,16.7
0,1,26.13,3,9,.333,1,4,.250,0,0,,4,7,11,3,1,1,3,2,7,6.8
0,0,10.58,2,4,.500,0,0,,1,2,.500,3,1,4,2,0,0,1,3,5,4.2
1,0,19.06,3,4,.750,0,0,,4,4,1.000,0,6,6,3,1,1,3,2,10,10.2
1,1,28.23,3,8,.375,1,2,.500,7,8,.875,1,5,6,3,0,2,1,5,14,11.9
1,0,33.52,6,14,.429,0,2,.000,3,3,1.000,2,10,12,4,1,1,2,5,15,12.5
1,1,20.39,4,11,.364,0,2,.000,5,5,1.000,2,10,12,3,2,1,3,4,13,11.5
1,1,33.52,9,20,.450,0,1,.000,2,4,.500,3,6,9,3,1,1,1,0,20,15.5
1,1,27.24,6,8,.750,1,2,.500,5,5,1.000,2,8,10,4,2,3,0,4,18,23.9
1,1,16.31,0,0,,0,0,,0,0,,0,5,5,3,0,0,2,4,0,0.0
0,0,27.48,5,10,.500,1,2,.500,1,2,.500,3,5,8,4,2,1,1,2,12,13.9
0,0,25.19,5,8,.625,1,1,1.000,3,3,1.000,3,3,6,4,1,1,2,3,14,14.7
0,0,22.06,4,7,.571,0,1,.000,0,0,,1,4,5,2,1,1,1,2,8,7.9
0,1,24.45,5,16,.313,1,2,.500,0,0,,6,8,14,4,0,1,1,6,11,8.5
0,0,22.36,4,12,.333,0,1,.000,3,3,1.000,1,3,4,3,3,0,2,2,11,8.1
1,1,27.00,5,6,.833,0,0,,8,12,.667,1,7,8,5,1,0,1,1,18,20.1
0,1,21.42,4,9,.444,0,2,.000,0,0,,2,10,12,4,0,0,1,3,8,8.3
0,0,20.51,2,7,.286,0,1,.000,1,2,.500,3,6,9,2,1,0,0,1,5,6.4
1,0,23.55,1,7,.143,0,2,.000,0,0,,0,8,8,2,2,0,3,2,2,-0.5
0,1,28.41,4,6,.667,1,1,1.000,0,0,,5,9,14,1,0,1,1,5,9,11.0
0,0,23.06,4,7,.571,1,3,.333,0,0,,2,6,8,3,1,1,1,1,9,11.3
1,0,32.14,2,6,.333,0,1,.000,2,2,1.000,4,9,13,5,1,2,0,2,6,13.2
1,0,19.03,3,5,.600,1,3,.333,0,0,,0,2,2,2,0,2,0,2,7,7.3
1,1,32.13,3,9,.333,0,2,.000,2,2,1.000,3,12,15,4,1,1,0,2,8,12.3
1,0,36.02,7,9,.778,0,2,.000,5,6,.833,3,8,11,4,2,1,1,4,19,22.5
0,0,34.56,7,10,.700,1,2,.500,3,3,1.000,6,7,13,5,0,0,2,3,18,20.4
0,1,21.08,2,5,.400,1,2,.500,0,0,,1,6,7,2,0,0,4,4,5,0.6
1,0,34.06,10,20,.500,1,5,.200,2,3,.667,6,11,17,2,4,1,1,5,23,23.2
0,0,22.22,6,9,.667,0,1,.000,0,0,,2,2,4,1,0,0,4,4,12,5.2
0,1,14.26,3,3,1.000,0,0,,2,4,.500,1,2,3,5,0,0,1,3,8,8.9
0,0,22.42,3,9,.333,0,0,,0,0,,2,4,6,0,1,1,1,3,6,3.0
0,1,22.15,4,5,.800,0,1,.000,1,1,1.000,0,5,5,2,1,1,1,2,9,9.9
0,0,28.22,4,10,.400,1,3,.333,3,4,.750,1,4,5,2,2,0,0,4,12,9.9
1,0,18.29,1,5,.200,0,3,.000,2,2,1.000,1,2,3,2,1,0,0,3,4,3.4
1,0,20.27,2,7,.286,0,0,,2,2,1.000,2,1,3,1,1,0,1,1,6,3.9
0,0,25.56,0,3,.000,0,0,,0,0,,0,5,5,3,1,1,2,5,0,-0.8
1,1,19.19,3,4,.750,0,0,,4,5,.800,0,2,2,2,0,0,1,3,10,7.8
1,0,27.17,4,8,.500,0,2,.000,0,0,,2,10,12,4,0,2,3,3,8,8.4
1,1,20.50,5,8,.625,1,1,1.000,1,2,.500,2,4,6,4,0,1,0,3,12,12.9
1,1,18.29,3,5,.600,0,0,,2,2,1.000,3,5,8,3,1,1,0,1,8,12.7
0,0,22.39,4,6,.667,0,0,,1,2,.500,1,4,5,6,0,0,0,4,9,10.5
1,0,29.21,3,7,.429,1,2,.500,0,0,,3,3,6,5,0,2,3,5,7,6.2
0,1,31.00,3,8,.375,1,2,.500,6,6,1.000,3,8,11,3,0,1,1,2,13,14.1
1,0,24.00,7,11,.636,0,0,,3,4,.750,3,11,14,3,1,0,1,3,17,18.0
0,0,21.12,5,7,.714,0,0,,4,4,1.000,7,3,10,3,0,1,1,3,14,17.5
0,0,27.31,6,10,.600,0,0,,5,7,.714,7,4,11,1,0,1,4,1,17,14.7
0,1,26.20,6,11,.545,0,3,.000,2,2,1.000,1,5,6,6,1,2,1,3,14,15.3
0,0,26.28,10,12,.833,0,0,,7,7,1.000,7,4,11,4,1,1,1,1,27,31.8
1,1,19.23,5,6,.833,1,1,1.000,2,3,.667,0,4,4,5,0,0,1,5,13,12.1
1,1,20.13,5,8,.625,0,0,,0,0,,2,7,9,5,0,0,1,5,10,10.4
1,1,38.02,13,17,.765,1,1,1.000,0,0,,3,14,17,9,1,0,3,1,27,30.5
0,0,20.43,4,7,.571,0,2,.000,1,2,.500,2,4,6,1,0,0,2,3,9,5.4
1,0,19.07,3,4,.750,1,1,1.000,1,2,.500,1,6,7,6,0,3,5,6,8,7.4
0,1,32.25,11,16,.688,2,3,.667,0,1,.000,2,8,10,4,3,0,2,4,24,22.8
1,1,34.26,6,12,.500,0,2,.000,4,5,.800,2,6,8,11,0,1,2,3,16,18.0
1,0,22.16,9,13,.692,0,0,,7,9,.778,2,5,7,4,0,0,2,5,25,20.4
0,0,24.48,8,17,.471,1,2,.500,4,4,1.000,8,5,13,5,1,0,2,2,21,21.1
1,0,28.23,7,11,.636,1,2,.500,3,3,1.000,1,5,6,5,1,1,1,3,18,18.3
1,0,27.20,8,10,.800,0,0,,3,4,.750,5,6,11,5,1,0,3,2,19,20.8
1,1,30.12,7,11,.636,2,3,.667,6,6,1.000,3,7,10,8,1,1,3,1,22,25.2
1,1,35.51,13,19,.684,1,2,.500,3,5,.600,3,8,11,5,3,1,2,2,30,30.0
0,1,33.43,12,22,.545,1,5,.200,4,6,.667,7,8,15,1,0,3,2,3,29,24.5
0,0,37.35,14,22,.636,2,4,.500,5,5,1.000,4,8,12,4,0,2,3,2,35,30.8
1,1,21.19,8,11,.727,2,3,.667,1,1,1.000,3,7,10,3,0,0,3,3,19,16.6
0,0,27.11,8,15,.533,0,3,.000,2,2,1.000,5,4,9,4,2,2,4,5,18,15.6
1,1,35.12,9,15,.600,0,4,.000,5,5,1.000,0,11,11,6,2,3,4,3,23,22.5
1,1,35.46,12,21,.571,0,2,.000,5,6,.833,8,6,14,8,1,2,3,2,29,30.3
1,1,32.19,8,15,.533,2,4,.500,2,2,1.000,6,6,12,11,1,0,2,0,20,25.4
0,0,15.24,5,9,.556,1,2,.500,0,0,,1,0,1,2,0,0,5,3,11,2.6
1,1,24.24,5,9,.556,0,1,.000,3,3,1.000,1,3,4,9,1,0,2,5,13,13.6
0,0,34.16,8,17,.471,2,3,.667,0,0,,9,6,15,3,0,0,0,4,18,17.9
0,1,36.41,17,23,.739,2,3,.667,4,5,.800,4,5,9,5,2,0,2,2,40,37.3
0,0,37.39,9,18,.500,1,2,.500,8,10,.800,6,7,13,4,0,2,5,2,27,21.9
1,1,36.00,7,13,.538,0,0,,3,4,.750,6,15,21,12,2,0,6,3,17,22.2
1,0,33.57,6,19,.316,2,5,.400,1,2,.500,4,10,14,4,1,3,2,5,15,11.4
0,0,25.33,2,7,.286,0,2,.000,0,0,,2,9,11,2,0,0,1,3,4,3.2
1,1,14.47,1,1,1.000,0,0,,0,0,,3,2,5,7,1,1,4,4,2,5.4
1,0,33.20,5,11,.455,0,2,.000,0,0,,2,9,11,6,1,1,2,3,10,11.1
0,1,32.44,6,10,.600,3,3,1.000,4,4,1.000,2,14,16,10,0,1,3,1,19,24.3
0,1,29.41,6,10,.600,0,0,,1,2,.500,4,10,14,10,1,0,3,1,13,18.4
1,0,32.55,13,15,.867,0,0,,5,8,.625,3,11,14,4,1,0,4,1,31,29.3
1,1,26.51,8,10,.800,1,2,.500,4,6,.667,3,7,10,7,4,1,7,4,21,21.6
0,1,30.12,7,12,.583,1,3,.333,5,5,1.000,3,11,14,2,2,0,2,1,20,20.8
1,1,24.01,8,13,.615,0,3,.000,2,2,1.000,1,8,9,4,1,0,1,2,18,17.2
1,1,30.25,7,12,.583,0,1,.000,3,3,1.000,3,11,14,10,0,0,2,2,17,21.0
1,0,21.35,7,14,.500,1,2,.500,1,1,1.000,2,3,5,4,0,1,3,5,16,9.8
0,0,39.37,7,14,.500,0,3,.000,8,8,1.000,1,12,13,8,0,1,5,3,22,19.4
1,1,28.39,8,10,.800,0,0,,0,0,,2,8,10,7,0,0,3,2,16,17.1
0,1,34.23,12,18,.667,1,2,.500,5,5,1.000,4,12,16,5,1,0,4,2,30,28.3
1,0,18.27,4,14,.286,0,3,.000,0,0,,3,10,13,2,0,0,0,3,8,5.1
0,0,35.58,7,14,.500,1,6,.167,2,2,1.000,3,5,8,8,0,2,3,4,17,16.0
0,0,36.38,11,16,.688,2,3,.667,2,3,.667,3,10,13,10,0,0,2,4,26,27.3
0,1,35.11,9,16,.563,0,2,.000,1,1,1.000,1,9,10,7,2,0,1,2,19,19.9
0,1,33.30,10,18,.556,0,2,.000,1,2,.500,4,8,12,4,0,0,1,2,21,18.2
0,0,33.52,6,17,.353,0,5,.000,0,0,,3,16,19,9,5,1,2,3,12,18.2
1,1,29.04,9,13,.692,2,2,1.000,3,4,.750,3,9,12,5,2,0,7,1,23,20.0
1,0,31.28,8,16,.500,1,5,.200,6,6,1.000,1,5,6,3,1,1,3,5,23,16.0
0,1,19.35,3,6,.500,1,3,.333,0,0,,1,7,8,4,0,0,1,2,7,7.8
0,1,40.13,9,14,.643,0,0,,11,14,.786,2,14,16,8,1,5,4,4,29,31.7
0,0,35.33,3,10,.300,1,4,.250,0,0,,0,12,12,7,0,0,4,1,7,5.3
1,1,30.32,0,3,.000,0,1,.000,0,0,,0,9,9,7,1,0,3,4,0,1.9
1,0,35.02,9,14,.643,3,3,1.000,8,8,1.000,2,7,9,5,1,0,7,4,29,22.2
0,0,30.19,8,12,.667,1,1,1.000,1,1,1.000,6,6,12,0,0,0,2,3,18,15.6
0,1,34.16,8,16,.500,0,1,.000,2,2,1.000,4,11,15,5,1,0,2,0,18,18.6
0,1,29.29,9,16,.563,1,3,.333,2,2,1.000,1,13,14,4,1,1,1,3,21,20.3
0,0,30.10,9,15,.600,6,10,.600,4,6,.667,3,5,8,2,1,1,2,1,28,24.6
1,1,30.38,4,10,.400,0,3,.000,0,0,,3,13,16,10,1,2,0,2,8,17.2
1,1,33.51,8,15,.533,2,6,.333,1,1,1.000,5,9,14,2,4,1,1,4,19,21.4
1,0,19.39,2,6,.333,0,0,,4,4,1.000,1,6,7,3,2,0,1,1,8,9.8
1,1,31.22,16,25,.640,4,9,.444,5,6,.833,2,10,12,5,2,2,1,6,41,37.4
1,1,27.51,7,16,.438,1,5,.200,0,0,,3,8,11,3,1,0,3,4,15,9.6
1,1,37.36,3,8,.375,1,1,1.000,5,6,.833,5,12,17,9,4,1,1,2,12,23.5
0,0,34.56,2,9,.222,1,4,.250,1,2,.500,0,7,7,3,3,1,3,2,6,4.2
1,1,26.31,3,5,.600,1,2,.500,6,6,1.000,3,8,11,6,0,1,2,3,13,16.9
0,0,11.35,1,5,.200,0,0,,4,4,1.000,4,2,6,1,1,0,2,2,6,5.2
0,1,34.57,7,12,.583,2,6,.333,0,0,,4,10,14,3,1,1,2,0,16,18.0
0,0,25.42,7,14,.500,1,2,.500,2,3,.667,2,4,6,3,2,1,2,2,17,14.2
1,1,35.55,11,17,.647,2,5,.400,4,6,.667,5,8,13,8,2,0,5,4,28,26.6
0,0,26.16,3,7,.429,1,3,.333,0,0,,0,6,6,6,1,1,2,1,7,8.6
1,1,15.55,3,6,.500,0,0,,2,2,1.000,2,2,4,4,0,0,0,1,8,9.4
1,1,22.12,6,13,.462,1,2,.500,0,0,,3,8,11,4,0,0,1,2,13,11.8
0,0,25.13,5,9,.556,0,2,.000,3,4,.750,2,7,9,2,2,0,1,2,13,13.4
1,0,36.05,6,12,.500,2,6,.333,8,9,.889,0,6,6,4,0,2,10,3,22,10.4
0,1,37.08,12,21,.571,2,6,.333,1,1,1.000,3,6,9,6,0,2,4,4,27,21.0
0,1,36.38,9,16,.563,0,3,.000,0,0,,3,6,9,4,1,1,2,0,18,16.8
1,1,25.33,4,10,.400,1,3,.333,4,4,1.000,2,5,7,5,1,0,1,5,13,12.0
0,0,41.20,5,11,.455,1,3,.333,11,12,.917,1,8,9,4,2,1,2,3,22,21.3
1,0,36.37,5,14,.357,1,5,.200,8,9,.889,5,8,13,6,1,3,2,0,19,22.0
1,1,36.23,4,6,.667,1,1,1.000,5,5,1.000,1,8,9,8,2,0,6,3,14,14.9
1,1,32.07,3,13,.231,1,4,.250,1,2,.500,2,8,10,4,1,0,2,3,8,4.1
0,0,34.18,3,10,.300,0,4,.000,2,2,1.000,1,6,7,10,0,0,5,3,8,5.5
0,0,36.09,9,16,.563,1,1,1.000,3,3,1.000,4,8,12,11,3,1,6,3,22,23.8
1,0,31.31,4,21,.190,0,8,.000,1,2,.500,6,6,12,7,2,3,2,3,9,7.3
1,1,28.08,3,8,.375,1,3,.333,7,8,.875,2,5,7,3,0,0,1,3,14,12.0
0,0,30.24,8,13,.615,3,6,.500,4,4,1.000,3,6,9,7,2,0,2,2,23,25.1
1,1,33.24,11,23,.478,0,2,.000,7,10,.700,9,9,18,7,2,1,5,5,29,25.7
0,0,34.04,7,18,.389,1,8,.125,3,4,.750,1,7,8,2,1,2,1,4,18,11.8
1,0,34.37,5,12,.417,2,3,.667,2,2,1.000,3,14,17,5,0,0,6,4,14,9.8
1,1,32.40,5,17,.294,2,5,.400,4,7,.571,4,8,12,5,1,1,3,4,16,10.7
1,1,35.16,5,9,.556,1,2,.500,7,9,.778,1,6,7,10,0,0,1,4,18,19.8
1,1,39.49,5,13,.385,1,6,.167,0,1,.000,1,15,16,11,0,2,3,3,11,13.6
1,0,35.16,8,17,.471,2,5,.400,6,7,.857,4,7,11,5,0,0,2,2,24,20.5
0,0,34.15,6,11,.545,1,2,.500,0,0,,2,5,7,8,0,0,5,3,13,10.0
1,1,37.21,11,18,.611,2,5,.400,5,6,.833,3,10,13,14,1,2,2,3,29,34.5
1,1,33.16,7,16,.438,2,3,.667,3,3,1.000,3,6,9,5,2,0,4,2,19,15.2
1,1,32.28,5,11,.455,2,4,.500,3,3,1.000,3,13,16,7,2,0,3,3,15,18.0
0,0,21.33,6,8,.750,1,1,1.000,1,2,.500,1,6,7,5,2,1,1,4,14,16.5
0,1,27.07,5,12,.417,1,2,.500,10,11,.909,1,8,9,8,1,1,2,3,21,21.4
1,1,32.57,8,15,.533,2,5,.400,5,6,.833,5,8,13,11,0,1,1,0,23,28.6
0,1,33.47,11,14,.786,3,3,1.000,5,5,1.000,4,11,15,17,1,2,8,5,30,35.0
1,1,34.17,10,16,.625,3,5,.600,5,7,.714,4,7,11,11,0,0,3,6,28,27.2
1,0,31.02,7,18,.389,0,1,.000,7,9,.778,7,7,14,8,1,1,3,4,21,20.1
1,0,27.54,4,5,.800,2,3,.667,8,8,1.000,0,6,6,4,1,1,5,4,18,15.8
0,1,33.10,2,5,.400,0,1,.000,5,7,.714,1,8,9,5,1,0,5,5,9,6.1
0,1,32.13,3,8,.375,1,2,.500,2,3,.667,1,6,7,8,0,1,2,2,9,10.2
0,0,25.45,2,9,.222,0,4,.000,0,1,.000,1,8,9,5,2,1,1,0,4,6.4
1,0,33.30,12,14,.857,2,3,.667,10,11,.909,4,9,13,6,0,0,5,2,36,34.5
1,1,32.48,8,14,.571,1,3,.333,4,4,1.000,3,3,6,6,2,0,3,2,21,19.8
1,1,29.33,8,10,.800,4,4,1.000,0,0,,0,11,11,10,2,1,2,1,20,26.8
0,0,26.39,5,8,.625,2,5,.400,3,3,1.000,1,8,9,5,1,0,4,3,15,13.8
1,1,37.55,8,15,.533,2,5,.400,5,6,.833,2,10,12,10,3,3,2,5,23,27.8
0,0,35.14,5,15,.333,1,4,.250,6,8,.750,5,8,13,2,3,2,1,3,17,17.2
0,0,47.29,12,22,.545,4,5,.800,6,6,1.000,5,10,15,3,1,0,5,5,34,26.0
0,1,23.51,9,11,.818,2,2,1.000,1,1,1.000,2,5,7,5,0,0,1,1,21,21.9
0,1,37.17,10,21,.476,3,6,.500,2,2,1.000,0,8,8,5,0,1,2,2,25,18.1
0,0,30.43,4,14,.286,1,2,.500,5,6,.833,3,4,7,4,1,1,2,4,14,9.6
0,0,40.09,11,21,.524,3,7,.429,4,4,1.000,6,10,16,8,2,1,3,2,29,30.4
0,1,41.07,11,22,.500,1,6,.167,0,0,,1,15,16,6,1,2,4,3,23,18.6
1,1,43.53,14,24,.583,2,5,.400,5,5,1.000,1,12,13,5,0,3,4,4,35,28.1
1,1,38.04,11,17,.647,4,6,.667,4,6,.667,1,5,6,7,4,1,4,3,30,28.3
1,1,35.37,6,20,.300,1,6,.167,3,3,1.000,3,11,14,9,1,1,2,5,16,13.8
0,1,34.19,9,14,.643,1,2,.500,4,5,.800,2,9,11,11,2,1,2,2,23,28.1
1,1,38.04,5,14,.357,1,4,.250,4,4,1.000,2,18,20,11,2,1,2,2,15,21.6
0,0,46.25,14,25,.560,4,7,.571,3,4,.750,2,8,10,3,1,0,3,4,35,25.0
0,1,33.32,6,13,.462,1,4,.250,8,10,.800,2,6,8,5,1,2,2,4,21,19.0
1,1,30.43,11,11,1.000,3,3,1.000,10,11,.909,0,11,11,11,4,1,0,3,35,45.8
1,1,32.23,7,14,.500,0,1,.000,9,12,.750,3,8,11,6,0,0,2,2,23,20.7
1,1,23.17,6,11,.545,1,2,.500,1,1,1.000,2,10,12,6,1,0,3,4,14,13.7
0,0,32.50,9,17,.529,1,5,.200,5,5,1.000,3,8,11,3,1,1,6,5,24,16.0
1,1,28.57,3,8,.375,2,4,.500,4,4,1.000,1,8,9,10,0,2,0,4,12,17.5
0,1,32.47,9,20,.450,3,6,.500,1,1,1.000,5,7,12,9,2,3,6,2,22,20.8
0,1,22.21,2,5,.400,0,1,.000,0,0,,1,5,6,3,1,1,2,2,4,4.5
1,1,28.54,3,9,.333,0,3,.000,1,2,.500,3,7,10,16,1,0,4,2,7,13.1
1,1,27.27,2,3,.667,0,0,,4,6,.667,2,8,10,8,0,0,3,4,8,10.7
0,0,25.36,0,1,.000,0,1,.000,4,4,1.000,1,6,7,4,3,0,6,5,4,3.6
1,0,33.12,14,22,.636,1,1,1.000,8,10,.800,7,14,21,3,1,2,6,5,37,32.0
1,0,29.25,7,14,.500,4,8,.500,2,2,1.000,1,5,6,6,1,1,3,1,20,17.7
1,0,32.59,6,14,.429,0,1,.000,2,3,.667,4,8,12,7,2,0,3,3,14,14.1
1,1,25.22,5,11,.455,1,2,.500,1,2,.500,1,8,9,7,4,1,2,3,12,15.4
0,0,34.05,10,20,.500,2,8,.250,3,4,.750,3,7,10,8,1,0,1,2,25,23.6
0,0,32.34,8,18,.444,3,8,.375,1,1,1.000,3,2,5,5,1,0,3,1,20,14.4
0,1,36.42,3,13,.231,1,5,.200,0,0,,2,10,12,10,1,0,3,4,7,6.9
1,1,22.52,2,7,.286,0,3,.000,2,2,1.000,3,7,10,11,2,0,0,4,6,14.2
0,1,27.11,6,20,.300,0,7,.000,4,5,.800,2,4,6,5,0,1,4,4,16,5.2
1,1,22.36,5,14,.357,2,4,.500,2,2,1.000,0,7,7,7,1,1,3,1,14,11.5
0,1,32.03,7,12,.583,0,2,.000,1,1,1.000,3,3,6,7,1,1,1,3,15,16.8
0,1,35.30,8,13,.615,0,1,.000,7,8,.875,4,7,11,15,2,0,2,1,23,31.7
0,1,34.38,5,13,.385,1,3,.333,1,2,.500,0,8,8,13,1,0,1,3,12,14.8
0,0,33.22,6,18,.333,0,6,.000,4,5,.800,4,7,11,6,1,2,4,5,16,10.9
0,0,32.38,9,17,.529,0,2,.000,6,7,.857,4,7,11,7,2,0,1,1,24,25.7
1,1,38.24,9,14,.643,1,2,.500,8,9,.889,3,9,12,6,2,0,3,3,27,27.2
1,1,35.45,8,16,.500,2,4,.500,6,6,1.000,3,12,15,9,3,0,6,3,24,23.8
1,1,34.34,11,19,.579,0,1,.000,4,5,.800,4,6,10,4,2,0,3,0,26,23.1
1,1,34.57,13,25,.520,2,6,.333,4,4,1.000,6,10,16,4,3,1,5,4,32,26.8
0,0,20.37,7,15,.467,2,2,1.000,3,3,1.000,2,4,6,3,0,1,4,2,19,11.9
0,0,30.59,1,5,.200,1,1,1.000,1,2,.500,2,2,4,10,2,0,5,1,4,6.1
1,1,36.56,10,14,.714,1,4,.250,0,0,,0,9,9,9,0,0,6,6,21,15.8
0,1,37.40,8,11,.727,0,2,.000,7,8,.875,1,7,8,9,3,1,4,3,23,25.7
1,1,34.29,8,16,.500,1,2,.500,2,3,.667,6,8,14,15,1,3,5,3,19,24.6
0,1,31.35,10,18,.556,3,8,.375,3,4,.750,3,10,13,6,1,1,5,1,26,22.6
1,1,34.16,16,29,.552,3,9,.333,4,5,.800,8,4,12,6,3,1,2,1,39,37.0
0,0,28.08,11,20,.550,1,1,1.000,1,1,1.000,5,8,13,4,2,1,8,2,24,17.0
0,1,39.37,11,21,.524,1,2,.500,6,6,1.000,3,8,11,10,1,0,3,3,29,27.0
1,1,27.48,8,19,.421,0,5,.000,2,3,.667,5,9,14,10,0,2,1,3,18,19.9
0,0,33.48,8,15,.533,1,4,.250,6,7,.857,1,9,10,4,0,1,2,0,23,20.2
1,1,36.43,15,23,.652,4,7,.571,6,8,.750,1,9,10,8,0,0,3,4,40,33.5
1,0,23.13,6,12,.500,0,1,.000,5,5,1.000,1,3,4,8,0,0,3,3,17,14.0
1,1,25.28,6,18,.333,0,3,.000,6,6,1.000,4,4,8,11,1,1,2,3,18,18.0
1,1,27.39,8,12,.667,3,6,.500,0,1,.000,3,8,11,12,1,0,1,3,19,25.1
0,0,37.05,10,21,.476,1,7,.143,7,7,1.000,3,18,21,6,2,1,3,5,28,26.7
1,1,33.44,12,22,.545,2,3,.667,6,7,.857,6,12,18,10,1,0,1,1,32,35.4
0,1,34.36,10,20,.500,1,8,.125,3,3,1.000,1,4,5,3,4,0,4,3,24,16.8
0,1,37.07,9,16,.563,0,2,.000,2,2,1.000,1,12,13,10,3,2,2,2,20,25.3
1,1,31.26,12,15,.800,1,2,.500,6,6,1.000,4,9,13,9,1,0,2,4,31,34.5
0,1,29.16,4,13,.308,0,2,.000,5,8,.625,8,8,16,10,0,0,5,4,13,12.7
0,0,25.44,7,17,.412,0,3,.000,2,3,.667,1,2,3,4,3,0,3,4,16,9.0
0,0,33.47,8,13,.615,1,3,.333,8,10,.800,2,12,14,10,1,1,2,3,25,28.8
0,0,35.19,11,22,.500,1,5,.200,4,4,1.000,2,8,10,10,3,0,4,2,27,25.0
1,1,36.29,7,16,.438,3,3,1.000,6,7,.857,0,12,12,4,0,0,7,3,23,12.4
1,1,36.12,7,17,.412,0,2,.000,6,6,1.000,4,14,18,11,1,0,4,1,20,22.2
0,1,30.25,7,16,.438,1,2,.500,4,4,1.000,5,8,13,8,1,0,4,4,19,17.5
1,1,27.42,9,16,.563,0,2,.000,4,6,.667,3,13,16,3,3,1,6,5,22,17.4
1,1,34.47,11,25,.440,4,7,.571,10,13,.769,1,8,9,10,0,1,2,2,36,29.7
1,0,31.41,5,15,.333,0,1,.000,6,7,.857,6,7,13,7,0,0,5,5,16,11.3
1,0,21.34,7,11,.636,1,2,.500,5,6,.833,4,5,9,7,2,2,2,4,20,23.7
0,0,38.25,10,14,.714,2,2,1.000,0,0,,4,6,10,6,0,0,3,2,22,21.2
0,1,35.24,3,5,.600,0,1,.000,6,8,.750,4,13,17,8,3,0,2,1,12,21.8
0,0,28.48,5,10,.500,1,1,1.000,5,8,.625,3,3,6,4,4,1,2,2,16,17.5
1,1,26.24,9,14,.643,0,0,,0,0,,4,4,8,7,0,1,4,4,18,15.8
1,1,29.58,4,9,.444,0,2,.000,3,4,.750,2,12,14,8,0,1,2,1,11,14.8
1,1,34.21,11,21,.524,2,7,.286,2,2,1.000,3,4,7,5,0,0,4,3,26,17.3
0,1,35.52,9,14,.643,3,7,.429,0,0,,2,11,13,7,2,3,3,2,21,24.7
0,1,34.56,6,12,.500,2,4,.500,1,1,1.000,3,3,6,11,0,0,1,1,15,18.3
0,1,28.13,8,20,.400,1,3,.333,4,6,.667,4,13,17,5,0,0,1,3,21,17.4
0,0,29.32,8,16,.500,1,3,.333,2,2,1.000,3,8,11,8,1,4,1,2,19,23.1
1,1,33.18,10,24,.417,0,5,.000,3,5,.600,3,12,15,2,0,0,3,3,23,12.3
0,0,24.52,7,14,.500,0,0,,2,2,1.000,3,5,8,6,0,2,2,3,16,15.0
0,1,34.21,10,16,.625,1,3,.333,2,2,1.000,2,14,16,3,1,0,2,3,23,21.3
1,0,30.15,11,15,.733,0,2,.000,1,3,.333,2,12,14,4,2,1,2,3,23,23.4
0,0,27.42,4,10,.400,0,3,.000,2,3,.667,2,3,5,6,4,0,6,1,10,8.3
1,1,28.40,9,10,.900,0,1,.000,2,3,.667,0,11,11,9,0,0,5,3,20,19.6
1,1,36.45,9,15,.600,1,4,.250,3,4,.750,3,10,13,9,2,1,2,3,22,25.6
0,0,16.03,1,6,.167,0,0,,0,2,.000,2,3,5,2,1,1,1,6,2,-0.6
1,1,36.35,13,26,.500,1,7,.143,2,2,1.000,3,11,14,2,3,0,4,4,29,20.2
0,1,23.54,8,14,.571,3,5,.600,1,2,.500,4,9,13,2,0,0,4,4,20,14.3
1,1,40.32,8,18,.444,0,2,.000,7,9,.778,3,11,14,12,1,2,5,4,23,22.4
0,1,28.27,4,15,.267,0,5,.000,1,1,1.000,3,10,13,2,2,1,2,4,9,5.7
1,0,32.56,4,8,.500,0,1,.000,2,2,1.000,2,8,10,10,3,0,4,3,10,14.6
0,0,27.08,5,6,.833,0,1,.000,3,3,1.000,0,6,6,6,1,0,2,3,13,14.6
0,1,31.27,7,14,.500,3,7,.429,3,4,.750,0,7,7,4,0,0,1,2,20,15.7
1,1,22.46,4,12,.333,1,4,.250,0,1,.000,0,5,5,5,1,1,4,4,9,2.9
1,1,37.47,10,22,.455,2,9,.222,4,5,.800,2,8,10,6,2,2,1,4,26,23.0
0,1,35.55,9,23,.391,1,7,.143,1,3,.333,3,3,6,7,1,1,0,4,20,14.7
1,0,30.44,7,19,.368,1,8,.125,5,6,.833,1,5,6,7,3,0,2,2,20,16.4
1,1,28.02,8,14,.571,2,5,.400,0,0,,2,8,10,3,0,0,0,4,18,15.7
0,1,25.34,4,7,.571,1,3,.333,0,0,,0,5,5,8,0,0,2,3,9,9.6
1,1,32.26,12,19,.632,2,4,.500,1,1,1.000,5,7,12,4,0,0,7,5,27,17.9
1,1,35.30,7,17,.412,0,4,.000,4,4,1.000,3,13,16,10,3,1,3,2,18,21.8
1,1,32.20,4,9,.444,0,1,.000,0,0,,4,9,13,5,2,0,1,2,8,12.5
1,1,24.53,4,8,.500,0,0,,0,0,,2,18,20,5,0,0,3,3,8,10.1
0,0,36.29,3,11,.273,0,3,.000,1,2,.500,3,7,10,6,0,1,4,3,7,4.0
1,0,34.24,4,12,.333,0,2,.000,5,6,.833,1,4,5,8,3,0,5,4,13,9.7
0,1,24.44,3,7,.429,0,1,.000,0,0,,1,9,10,8,0,1,0,2,6,11.2
0,0,30.40,13,21,.619,1,5,.200,3,3,1.000,4,6,10,4,1,2,1,3,30,28.1
0,0,33.39,10,21,.476,2,6,.333,2,2,1.000,2,9,11,6,0,0,3,3,24,17.4
0,0,33.10,7,13,.538,1,4,.250,0,0,,0,7,7,11,0,1,2,2,15,16.4
1,1,31.01,7,14,.500,2,5,.400,4,6,.667,4,7,11,6,0,0,1,2,20,19.5
1,1,34.53,11,14,.786,3,6,.500,3,4,.750,1,13,14,12,1,0,3,2,28,32.4
1,1,35.48,10,22,.455,2,5,.400,3,4,.750,3,7,10,5,1,1,2,1,25,20.2
1,1,30.31,7,14,.500,2,4,.500,2,2,1.000,3,6,9,12,1,1,4,2,18,20.2
1,1,32.44,10,16,.625,2,4,.500,0,0,,3,7,10,10,0,2,2,4,22,23.8
0,1,27.23,5,8,.625,1,1,1.000,7,7,1.000,3,3,6,5,1,1,1,3,18,20.4
0,1,30.53,6,13,.462,4,7,.571,6,6,1.000,1,11,12,10,1,0,2,4,22,23.7
1,0,30.55,8,20,.400,2,5,.400,5,6,.833,4,6,10,4,2,0,5,3,23,15.0
1,1,32.57,12,19,.632,2,5,.400,5,7,.714,2,8,10,10,1,0,1,6,31,30.1
1,1,26.30,7,8,.875,0,0,,3,4,.750,4,4,8,4,1,0,4,3,17,16.4
0,0,31.59,10,17,.588,0,1,.000,1,1,1.000,2,6,8,4,0,0,6,2,21,12.3
0,1,24.11,7,15,.467,0,3,.000,8,8,1.000,3,4,7,0,0,0,2,5,22,13.6
0,0,30.20,4,10,.400,1,3,.333,5,7,.714,2,8,10,4,1,0,2,0,14,13.4
0,1,36.50,16,25,.640,4,8,.500,11,16,.688,4,4,8,5,2,1,0,3,47,42.9
0,1,31.15,12,20,.600,4,6,.667,5,8,.625,2,4,6,7,1,1,3,1,33,28.4
1,0,33.35,8,12,.667,2,5,.400,1,1,1.000,3,9,12,5,0,0,1,2,19,20.3
1,1,31.24,6,14,.429,3,4,.750,5,6,.833,2,13,15,6,1,0,2,5,20,18.7
1,1,29.02,5,9,.556,0,1,.000,2,2,1.000,1,7,8,8,1,2,4,3,12,13.3
0,1,43.48,10,20,.500,0,3,.000,3,3,1.000,2,10,12,8,0,2,9,4,23,13.8
1,0,31.44,10,16,.625,2,4,.500,8,12,.667,1,9,10,4,3,0,1,4,30,27.8
0,1,34.16,7,15,.467,0,3,.000,3,4,.750,5,8,13,5,1,0,5,4,17,12.7
0,0,34.08,8,19,.421,0,1,.000,3,6,.500,4,8,12,10,1,1,6,2,19,14.8
0,1,35.29,9,20,.450,1,6,.167,8,8,1.000,7,5,12,7,4,1,2,3,27,29.4
1,1,38.26,9,18,.500,0,2,.000,6,7,.857,2,10,12,11,2,0,6,4,24,21.1
0,0,38.43,8,16,.500,3,6,.500,6,6,1.000,3,10,13,5,0,1,8,3,25,17.1
1,1,34.44,11,19,.579,1,2,.500,5,6,.833,0,4,4,10,3,0,3,4,28,25.3
0,1,33.16,7,17,.412,1,3,.333,0,0,,0,10,10,9,1,0,3,4,15,11.6
0,0,39.45,16,23,.696,1,3,.333,6,7,.857,0,10,10,11,3,2,2,4,39,40.4
1,1,30.43,11,17,.647,3,5,.600,4,4,1.000,4,9,13,9,2,3,4,1,29,33.0
0,1,39.46,14,24,.583,0,2,.000,2,4,.500,6,15,21,10,2,0,1,2,30,33.9
0,1,33.56,9,19,.474,0,3,.000,5,5,1.000,4,5,9,6,1,3,6,3,23,17.7
1,1,37.39,6,8,.750,0,1,.000,7,8,.875,3,5,8,13,0,1,5,4,19,22.2
1,0,37.19,9,18,.500,2,3,.667,2,2,1.000,1,10,11,6,3,1,3,5,22,19.6
0,0,33.59,12,15,.800,1,2,.500,7,7,1.000,1,6,7,5,1,1,2,1,32,31.6
1,1,30.57,11,14,.786,0,1,.000,2,3,.667,1,6,7,6,2,2,3,4,24,23.7
1,1,27.59,5,8,.625,1,1,1.000,5,5,1.000,2,3,5,4,4,0,5,4,16,14.9
0,0,25.09,9,13,.692,0,2,.000,3,4,.750,2,7,9,2,1,0,3,1,21,17.6
1,1,35.04,8,11,.727,0,0,,7,9,.778,4,14,18,11,1,0,2,2,23,30.6
1,0,32.19,7,15,.467,0,1,.000,2,2,1.000,4,9,13,7,1,2,5,2,16,15.3
0,1,30.30,5,10,.500,0,2,.000,4,4,1.000,3,8,11,8,1,1,6,5,14,12.8
0,0,32.18,4,11,.364,0,3,.000,0,1,.000,2,6,8,8,1,0,4,3,8,6.1
1,1,29.41,4,13,.308,1,5,.200,1,2,.500,0,9,9,7,1,0,2,3,10,7.5
0,0,33.43,7,10,.700,0,2,.000,0,0,,2,11,13,8,0,0,5,3,14,13.9
1,0,34.07,7,16,.438,1,5,.200,4,6,.667,0,7,7,6,1,1,3,3,19,13.6
0,1,39.09,10,21,.476,0,5,.000,10,11,.909,2,10,12,10,2,0,4,4,30,26.7
0,1,31.52,10,17,.588,3,5,.600,2,2,1.000,3,1,4,11,1,0,5,4,25,21.6
1,0,23.42,3,8,.375,0,2,.000,2,2,1.000,3,2,5,13,0,0,5,2,8,9.6
1,1,41.40,11,21,.524,2,6,.333,6,6,1.000,2,9,11,7,3,0,4,5,30,25.7
0,0,25.31,4,7,.571,2,2,1.000,2,2,1.000,0,1,1,4,1,0,1,3,12,10.6
1,0,28.28,7,11,.636,1,4,.250,2,4,.500,1,6,7,13,0,0,1,1,17,21.5
0,0,10.12,1,1,1.000,0,0,,0,0,,0,1,1,2,0,0,1,0,2,2.4
1,0,41.50,11,18,.611,1,2,.500,6,9,.667,3,12,15,14,0,2,6,3,29,29.3
1,0,38.29,7,13,.538,1,4,.250,9,11,.818,3,6,9,10,1,0,5,2,24,23.0
1,1,34.07,8,11,.727,1,1,1.000,2,3,.667,4,8,12,18,3,1,3,2,19,31.8
0,0,38.33,9,14,.643,1,3,.333,7,7,1.000,1,9,10,12,2,0,10,4,26,22.0
1,0,29.31,7,13,.538,3,5,.600,0,0,,3,6,9,11,1,0,1,5,17,20.3
0,1,31.42,8,12,.667,0,1,.000,3,3,1.000,3,9,12,12,0,0,7,5,19,18.0
1,1,36.34,12,20,.600,1,1,1.000,10,12,.833,5,10,15,6,3,1,4,5,35,33.4
1,0,41.13,14,31,.452,4,10,.400,6,10,.600,1,10,11,4,2,0,3,4,38,24.2
0,1,29.02,6,8,.750,0,0,,3,3,1.000,1,8,9,12,0,0,4,2,15,18.5
0,1,30.04,9,15,.600,1,3,.333,3,3,1.000,3,7,10,5,1,1,2,1,22,22.1
0,0,34.20,8,17,.471,1,4,.250,6,6,1.000,1,7,8,11,7,1,1,2,23,30.7
1,1,35.54,8,16,.500,0,4,.000,7,7,1.000,1,13,14,10,3,0,3,4,23,25.0
1,0,39.50,14,23,.609,3,6,.500,4,4,1.000,8,6,14,9,2,1,6,4,35,33.3
1,1,28.24,12,21,.571,0,4,.000,3,3,1.000,5,7,12,6,1,1,1,2,27,26.8
0,1,39.42,15,27,.556,1,3,.333,0,1,.000,6,4,10,8,3,0,3,4,31,27.1
0,1,42.00,9,21,.429,0,0,,11,14,.786,7,15,22,6,1,0,6,3,29,24.1
0,1,33.55,8,13,.615,0,2,.000,4,4,1.000,3,7,10,4,2,1,6,2,20,17.0
0,1,34.06,9,14,.643,1,5,.200,2,2,1.000,2,9,11,3,0,1,1,2,21,19.9
0,0,38.43,14,24,.583,5,11,.455,2,4,.500,1,9,10,5,1,1,4,3,35,26.4
1,1,37.20,17,26,.654,4,4,1.000,9,10,.900,3,9,12,5,2,1,3,2,47,42.4
0,0,34.56,6,16,.375,0,0,,1,2,.500,3,6,9,6,1,0,3,4,13,8.3
0,0,41.24,20,33,.606,3,6,.500,7,7,1.000,1,7,8,12,1,3,1,2,50,47.4
1,0,39.06,13,26,.500,3,6,.500,6,6,1.000,3,9,12,6,0,0,0,3,35,29.8
1,1,29.50,5,7,.714,0,0,,2,2,1.000,1,5,6,12,2,0,2,3,12,18.5
1,1,36.37,9,16,.563,2,7,.286,2,2,1.000,3,10,13,9,1,1,2,4,22,23.9
1,1,34.46,8,17,.471,1,5,.200,6,6,1.000,4,12,16,10,0,1,3,2,23,24.6
0,0,37.33,16,23,.696,3,5,.600,8,8,1.000,3,3,6,5,2,1,3,3,43,38.3
0,0,36.53,12,21,.571,3,5,.600,6,6,1.000,1,6,7,9,2,0,3,4,33,29.3
0,1,32.48,5,8,.625,1,2,.500,5,5,1.000,2,10,12,10,4,1,3,2,16,24.7
0,0,36.42,5,15,.333,2,5,.400,3,4,.750,2,8,10,6,3,0,4,5,15,11.1
1,1,37.44,17,32,.531,3,6,.500,4,4,1.000,3,2,5,5,1,0,0,1,41,32.2
1,0,37.42,9,18,.500,3,4,.750,3,3,1.000,2,9,11,7,1,2,1,3,24,24.2
0,1,30.07,8,10,.800,1,2,.500,2,2,1.000,1,10,11,13,2,0,0,3,19,28.8
0,1,38.25,17,28,.607,0,3,.000,5,5,1.000,2,12,14,9,1,2,1,4,39,37.3
0,1,36.24,15,23,.652,2,3,.667,5,5,1.000,4,6,10,11,2,0,2,1,37,38.8
0,1,37.00,9,18,.500,1,2,.500,1,2,.500,2,10,12,8,0,0,7,2,20,12.8
0,1,36.16,13,22,.591,1,2,.500,1,2,.500,2,13,15,7,2,0,1,1,28,28.2
1,0,36.02,10,20,.500,1,5,.200,5,6,.833,2,7,9,11,0,0,4,0,26,22.8
1,1,34.14,11,25,.440,2,4,.500,8,10,.800,6,8,14,5,4,1,1,2,32,31.1
1,1,28.37,6,7,.857,0,0,,0,0,,2,8,10,10,0,0,3,2,12,16.5
1,1,42.08,14,23,.609,2,4,.500,4,6,.667,5,10,15,9,2,1,1,4,34,35.6
1,0,34.37,13,19,.684,3,4,.750,0,0,,3,7,10,10,1,1,5,3,29,27.6
0,1,36.15,11,17,.647,2,4,.500,4,4,1.000,4,11,15,10,2,1,3,2,28,32.5
0,0,29.38,8,14,.571,0,2,.000,4,4,1.000,4,6,10,5,1,0,4,1,20,18.1
0,1,41.07,17,30,.567,3,5,.600,0,0,,2,4,6,9,2,1,1,3,37,32.2
1,1,28.13,7,12,.583,1,2,.500,1,2,.500,3,7,10,8,1,2,0,0,16,22.2
1,1,34.25,8,14,.571,0,1,.000,5,6,.833,3,7,10,5,0,0,5,1,21,16.3
0,1,35.50,6,16,.375,2,3,.667,0,0,,1,6,7,7,0,1,4,3,14,8.1
1,1,37.42,5,11,.455,0,1,.000,7,9,.778,2,7,9,16,1,0,4,4,17,20.6
1,1,26.46,13,16,.813,0,0,,1,2,.500,2,6,8,11,1,1,1,3,27,31.0
1,1,30.27,11,18,.611,0,2,.000,3,4,.750,1,8,9,10,1,0,6,0,25,21.5
1,1,38.22,9,17,.529,2,2,1.000,6,6,1.000,5,8,13,14,1,0,6,4,26,26.8
1,0,31.30,6,15,.400,0,2,.000,5,7,.714,2,8,10,11,1,1,2,3,17,18.1
0,0,37.17,10,21,.476,1,5,.200,6,8,.750,4,8,12,8,1,1,4,1,27,23.6
1,1,32.02,6,14,.429,1,2,.500,4,5,.800,4,6,10,11,1,2,2,3,17,20.7
0,1,27.05,10,12,.833,1,1,1.000,8,9,.889,6,10,16,7,2,0,0,3,29,37.1
1,1,45.04,20,31,.645,2,6,.333,5,6,.833,7,8,15,8,0,1,7,3,47,38.3
0,1,35.38,9,18,.500,1,6,.167,6,7,.857,4,5,9,5,0,1,4,0,25,20.1
0,0,33.24,7,16,.438,0,3,.000,5,5,1.000,0,6,6,6,0,0,1,2,19,14.8
1,1,29.01,10,14,.714,0,0,,4,6,.667,0,8,8,12,1,1,4,4,24,24.3
1,1,29.40,6,12,.500,2,3,.667,10,10,1.000,1,14,15,5,2,0,6,3,24,21.2
1,1,36.29,12,20,.600,2,4,.500,6,8,.750,0,7,7,8,3,3,6,1,32,28.4
1,1,28.26,8,13,.615,2,3,.667,1,1,1.000,4,7,11,2,1,0,1,1,19,19.0
0,1,33.22,9,17,.529,2,6,.333,10,10,1.000,2,12,14,7,0,1,0,4,30,30.7
0,0,35.36,12,28,.429,1,4,.250,7,8,.875,3,6,9,5,2,1,2,4,32,23.3
1,1,29.07,10,16,.625,0,2,.000,12,15,.800,3,9,12,6,2,2,4,3,32,30.8
0,0,35.02,9,11,.818,2,2,1.000,4,4,1.000,2,7,9,13,0,1,5,5,24,26.2
1,0,36.56,10,21,.476,0,5,.000,9,9,1.000,3,4,7,6,0,0,5,3,29,19.6
0,1,32.57,7,16,.438,0,2,.000,16,17,.941,2,9,11,6,0,0,2,2,30,26.7
0,1,32.14,14,21,.667,0,3,.000,3,3,1.000,6,8,14,4,1,1,2,2,31,30.2
0,1,26.28,7,11,.636,0,0,,6,7,.857,3,12,15,11,0,0,1,2,20,26.3
0,0,16.41,9,17,.529,0,3,.000,3,3,1.000,1,2,3,2,1,0,1,3,21,14.2
0,1,34.43,13,22,.591,1,6,.167,0,0,,2,11,13,2,2,0,3,3,27,20.7
1,1,33.37,14,19,.737,2,2,1.000,2,3,.667,5,11,16,7,3,1,6,4,32,31.7
1,0,34.57,9,15,.600,1,4,.250,5,6,.833,3,16,19,3,3,0,6,3,24,21.5
0,0,15.00,8,9,.889,3,3,1.000,5,7,.714,1,5,6,6,0,0,1,1,24,25.1
1,1,25.15,5,9,.556,1,3,.333,0,0,,2,14,16,8,1,0,1,4,11,16.3
0,1,36.40,10,23,.435,3,8,.375,3,4,.750,5,14,19,7,1,2,7,2,26,20.7
0,0,33.03,9,15,.600,2,6,.333,3,4,.750,1,6,7,7,0,4,3,2,23,22.1
0,0,35.01,11,20,.550,2,5,.400,10,10,1.000,2,9,11,5,2,0,2,3,34,30.8
1,1,36.23,9,15,.600,1,3,.333,9,11,.818,2,12,14,2,2,1,5,5,28,22.4
1,1,33.24,10,14,.714,0,0,,5,8,.625,4,11,15,10,2,2,2,3,25,31.3
1,1,35.29,10,22,.455,1,8,.125,1,4,.250,5,14,19,10,1,0,2,5,22,21.1
1,1,27.57,11,17,.647,3,3,1.000,3,3,1.000,2,7,9,9,0,0,3,2,28,26.5
0,0,36.52,15,26,.577,2,6,.333,3,6,.500,3,13,16,6,0,2,3,1,35,29.8
1,0,35.24,10,17,.588,3,4,.750,7,9,.778,1,9,10,7,0,1,1,3,30,28.1
0,1,32.35,9,14,.643,1,2,.500,5,6,.833,3,12,15,7,1,0,1,2,24,27.2
0,0,36.11,7,19,.368,0,5,.000,4,5,.800,1,14,15,7,1,0,5,1,18,12.5
0,1,26.56,14,19,.737,3,7,.429,1,1,1.000,3,8,11,5,0,0,4,0,32,28.3
0,0,36.07,6,17,.353,1,5,.200,4,6,.667,1,11,12,15,2,0,3,2,17,19.4
0,1,36.42,17,23,.739,0,3,.000,5,9,.556,1,10,11,11,1,0,6,2,39,33.7
0,0,34.59,8,19,.421,2,8,.250,4,4,1.000,2,11,13,10,2,1,2,3,22,23.1
0,1,34.12,15,24,.625,4,6,.667,1,1,1.000,2,15,17,8,1,2,5,3,35,31.9
1,1,30.36,9,14,.643,1,2,.500,9,11,.818,2,17,19,9,3,1,4,0,28,33.5
1,0,34.57,11,16,.688,2,4,.500,3,5,.600,2,8,10,11,1,0,4,4,27,26.3
0,1,26.06,8,12,.667,1,2,.500,3,3,1.000,2,8,10,7,3,0,3,5,20,21.5
0,0,24.52,5,9,.556,1,4,.250,2,2,1.000,0,7,7,3,0,2,3,0,13,11.3
1,0,35.07,13,34,.382,1,6,.167,2,3,.667,6,15,21,5,2,0,6,0,29,18.2
0,1,37.30,9,24,.375,1,3,.333,7,7,1.000,6,16,22,8,2,2,4,4,26,25.2
0,1,35.19,8,19,.421,0,5,.000,6,8,.750,5,14,19,5,4,1,8,2,22,18.2
0,1,25.09,8,12,.667,1,2,.500,7,9,.778,1,10,11,3,0,1,4,4,24,18.9
0,0,34.44,11,18,.611,1,4,.250,4,4,1.000,4,12,16,3,2,0,3,3,27,25.1
1,0,37.14,10,17,.588,1,3,.333,5,6,.833,2,19,21,11,0,2,5,2,26,28.1
1,1,33.37,13,20,.650,3,6,.500,4,8,.500,1,9,10,7,2,2,2,3,33,31.1
0,1,32.43,8,21,.381,1,3,.333,5,5,1.000,8,10,18,6,1,0,2,0,22,22.3
0,0,36.38,9,14,.643,1,3,.333,2,2,1.000,5,8,13,8,1,0,5,2,21,21.5
1,1,28.26,8,10,.800,1,2,.500,3,3,1.000,0,8,8,7,0,2,3,2,20,21.1
1,1,28.10,7,12,.583,1,2,.500,2,2,1.000,2,10,12,13,1,0,3,1,17,22.5
1,0,36.44,10,18,.556,2,5,.400,3,3,1.000,3,12,15,14,2,0,3,5,25,28.9
1,1,41.16,16,25,.640,3,5,.600,14,16,.875,7,7,14,10,3,1,5,4,49,48.2
1,0,40.11,11,16,.688,2,4,.500,2,3,.667,3,8,11,12,2,1,0,3,26,33.2
1,1,36.06,12,19,.632,1,6,.167,9,10,.900,2,7,9,8,2,1,3,1,34,33.5
0,1,33.55,9,20,.450,3,8,.375,7,7,1.000,3,18,21,9,1,0,3,2,28,28.6
0,1,35.10,8,13,.615,2,2,1.000,8,8,1.000,2,8,10,8,1,0,2,5,26,26.5
0,1,30.18,11,19,.579,3,6,.500,4,4,1.000,3,10,13,10,2,0,6,5,29,26.2
0,1,28.14,7,9,.778,2,4,.500,2,2,1.000,0,10,10,15,3,1,5,1,18,26.3
0,0,30.23,6,12,.500,1,4,.250,8,9,.889,2,14,16,8,1,0,5,3,21,20.6
1,0,34.48,7,10,.700,3,3,1.000,8,8,1.000,2,10,12,9,2,0,4,4,25,27.9
1,1,29.49,12,15,.800,0,2,.000,3,4,.750,1,11,12,10,2,1,2,1,27,32.2
1,1,30.24,8,14,.571,0,3,.000,5,7,.714,3,8,11,7,0,0,6,2,21,16.2
0,0,34.21,9,20,.450,3,10,.300,2,4,.500,5,11,16,11,0,2,9,2,23,17.9
0,1,34.59,10,16,.625,0,2,.000,8,10,.800,5,10,15,6,0,2,4,1,28,27.7
1,1,34.48,10,26,.385,3,9,.333,3,3,1.000,5,10,15,7,1,0,5,2,26,18.4
0,1,34.21,13,24,.542,3,5,.600,6,9,.667,5,12,17,8,1,0,5,3,35,29.7
0,1,34.21,9,15,.600,2,4,.500,5,7,.714,1,11,12,9,4,1,2,3,25,29.1
1,1,34.24,6,16,.375,0,5,.000,6,8,.750,2,8,10,11,0,0,2,5,18,15.9
0,1,26.08,3,5,.600,0,1,.000,2,2,1.000,1,17,18,11,1,0,2,2,8,17.4
1,0,32.47,10,17,.588,0,4,.000,2,2,1.000,4,12,16,4,2,0,6,2,22,18.5
1,1,42.34,16,22,.727,3,5,.600,11,12,.917,3,9,12,11,3,4,5,3,46,48.7
1,1,34.44,12,17,.706,0,0,,8,14,.571,3,12,15,13,0,1,3,3,32,33.8
0,1,35.01,15,24,.625,0,2,.000,8,9,.889,3,15,18,7,1,2,3,4,38,36.1
1,0,31.46,9,21,.429,0,8,.000,5,6,.833,1,11,12,9,1,1,5,4,23,16.9
1,0,30.31,9,13,.692,0,0,,8,9,.889,4,6,10,7,0,2,3,2,26,27.2
0,1,33.32,8,16,.500,1,3,.333,5,7,.714,1,12,13,8,2,2,5,1,22,21.1
0,1,26.18,10,14,.714,2,2,1.000,7,7,1.000,2,11,13,8,2,1,3,2,29,32.4
0,0,37.30,15,24,.625,0,4,.000,2,2,1.000,5,5,10,8,2,1,4,3,32,29.3
1,0,33.01,8,23,.348,2,6,.333,5,6,.833,4,4,8,4,1,1,2,2,23,15.4
1,1,34.19,9,15,.600,0,2,.000,12,13,.923,1,13,14,6,2,3,1,5,30,32.6
1,0,32.19,9,10,.900,1,2,.500,9,11,.818,2,4,6,6,3,0,8,2,28,24.8
1,1,34.56,13,15,.867,0,1,.000,9,10,.900,2,10,12,8,2,2,3,4,35,38.1
0,1,35.26,9,17,.529,0,0,,8,12,.667,5,14,19,11,2,0,4,1,26,29.1
0,1,35.39,15,19,.789,0,0,,7,8,.875,3,10,13,9,2,1,7,3,37,35.2
1,0,43.23,14,21,.667,0,2,.000,10,12,.833,5,14,19,8,1,0,4,2,38,37.6
0,1,32.59,15,22,.682,0,3,.000,8,11,.727,1,17,18,6,2,2,7,3,38,32.6
1,0,40.23,18,35,.514,1,5,.200,4,6,.667,2,15,17,4,2,0,2,3,41,30.4
1,1,35.15,16,24,.667,1,3,.333,2,2,1.000,3,13,16,6,4,1,3,2,35,35.7
0,0,33.25,12,17,.706,1,3,.333,2,2,1.000,2,2,4,6,3,0,3,4,27,24.5
0,1,34.24,7,13,.538,1,2,.500,11,11,1.000,3,9,12,10,0,0,5,4,26,24.9
1,1,38.41,6,10,.600,1,1,1.000,6,9,.667,1,15,16,13,1,1,3,2,19,25.4
0,0,26.58,3,4,.750,0,0,,3,3,1.000,1,8,9,9,0,0,1,5,9,13.8
1,1,34.48,12,17,.706,0,4,.000,7,7,1.000,1,12,13,9,4,0,3,3,31,34.3
1,1,25.28,3,10,.300,0,4,.000,6,8,.750,3,7,10,6,1,1,1,1,12,14.1
0,0,35.52,8,16,.500,1,5,.200,6,7,.857,4,10,14,6,0,2,2,0,23,24.0
0,1,35.38,6,9,.667,0,0,,3,3,1.000,0,13,13,14,1,0,10,3,15,14.6
1,1,26.34,9,10,.900,1,1,1.000,2,2,1.000,0,6,6,10,2,0,4,2,21,23.6
0,1,33.57,11,20,.550,0,1,.000,4,5,.800,1,7,8,10,2,3,4,2,26,25.1
0,1,20.42,10,20,.500,1,3,.333,3,3,1.000,1,3,4,6,2,1,1,5,24,19.5
0,0,29.44,12,20,.600,2,4,.500,3,4,.750,3,5,8,3,0,0,2,4,29,21.5
0,1,27.36,4,4,1.000,0,0,,0,0,,0,6,6,14,3,0,2,0,8,19.4
1,0,36.44,12,16,.750,0,0,,7,11,.636,2,7,9,10,1,1,5,3,31,29.0
0,1,43.09,11,15,.733,1,3,.333,16,18,.889,3,7,10,9,0,0,4,5,39,36.6
0,1,32.24,7,13,.538,0,1,.000,5,7,.714,2,11,13,6,2,1,2,3,19,20.3
1,1,27.27,11,17,.647,1,2,.500,9,10,.900,6,6,12,8,0,0,3,2,32,31.9
1,1,27.33,7,9,.778,2,3,.667,1,1,1.000,1,8,9,12,1,1,4,5,17,20.7
0,0,35.04,10,15,.667,3,6,.500,1,4,.250,1,9,10,8,1,0,2,2,24,23.5
0,0,37.17,13,19,.684,1,4,.250,5,9,.556,4,12,16,9,2,1,4,4,32,32.1
1,0,34.03,7,13,.538,0,3,.000,5,6,.833,0,8,8,8,1,0,3,1,19,17.9
0,1,34.21,14,25,.560,1,3,.333,4,6,.667,3,7,10,9,0,1,6,1,33,25.1
1,1,35.22,11,20,.550,1,4,.250,8,10,.800,3,9,12,14,1,4,3,3,31,34.8
1,1,33.03,17,20,.850,0,2,.000,9,10,.900,2,12,14,8,5,1,8,2,43,42.9
0,0,35.17,8,15,.533,1,3,.333,8,9,.889,2,9,11,8,4,0,5,3,25,24.8
1,1,39.41,13,26,.500,2,4,.500,12,17,.706,7,20,27,10,2,0,5,4,40,38.3
1,1,37.05,6,12,.500,1,1,1.000,0,1,.000,4,9,13,13,2,0,4,1,13,18.8
1,1,35.43,12,21,.571,0,0,,5,8,.625,2,6,8,11,2,0,2,4,29,27.2
1,1,44.25,16,25,.640,2,4,.500,7,9,.778,4,11,15,15,0,1,3,4,41,41.8
0,1,36.53,7,10,.700,0,0,,6,6,1.000,0,9,9,11,1,0,0,3,20,26.0
0,0,32.29,15,24,.625,0,3,.000,10,10,1.000,1,6,7,6,1,1,5,3,40,31.4
1,1,36.17,8,15,.533,2,3,.667,1,1,1.000,1,11,12,12,1,1,3,3,19,21.6
1,1,32.02,10,13,.769,2,2,1.000,8,8,1.000,0,12,12,12,1,0,0,1,30,37.5
0,0,33.17,10,20,.500,1,3,.333,3,4,.750,1,6,7,9,2,0,5,4,24,17.8
1,1,24.11,4,8,.500,0,1,.000,4,5,.800,0,6,6,9,1,0,2,0,12,14.7
1,1,35.23,10,17,.588,3,4,.750,5,5,1.000,4,11,15,10,2,0,4,4,28,29.6
1,1,35.09,5,5,1.000,1,1,1.000,3,3,1.000,2,9,11,16,1,1,4,2,14,24.7
1,1,28.18,10,15,.667,0,0,,1,3,.333,4,14,18,9,1,0,3,3,21,23.8
1,1,34.47,8,11,.727,1,4,.250,0,0,,0,10,10,14,2,1,4,3,17,22.8
1,1,34.28,13,14,.929,1,2,.500,9,10,.900,2,10,12,10,1,1,4,2,36,39.3
1,1,31.12,12,20,.600,0,0,,7,7,1.000,4,7,11,13,1,0,3,5,31,31.8
0,1,36.05,11,15,.733,2,4,.500,1,2,.500,2,9,11,10,1,0,3,2,25,26.8
0,0,38.19,8,12,.667,2,2,1.000,6,6,1.000,1,7,8,9,0,2,7,2,24,21.5
1,1,38.00,10,14,.714,1,3,.333,5,5,1.000,1,17,18,15,1,1,5,2,26,32.4
1,1,32.42,9,13,.692,0,0,,4,5,.800,2,12,14,16,1,1,3,0,22,31.0
1,1,34.20,5,8,.625,0,1,.000,4,5,.800,3,15,18,10,1,2,5,3,14,19.8
1,1,27.45,8,10,.800,0,1,.000,4,5,.800,1,11,12,16,1,1,1,1,20,31.3
0,0,37.39,10,19,.526,3,5,.600,6,9,.667,2,10,12,6,1,2,7,3,29,21.3
0,1,34.03,11,22,.500,0,0,,8,9,.889,7,9,16,10,0,2,4,1,30,30.2
0,1,33.54,12,14,.857,0,0,,3,3,1.000,0,12,12,8,0,0,0,3,27,30.0
1,1,34.08,6,9,.667,0,0,,2,3,.667,1,12,13,10,1,1,5,2,14,16.9
0,1,35.51,8,13,.615,2,2,1.000,6,6,1.000,7,11,18,13,2,0,7,3,24,29.2
0,0,26.41,7,11,.636,0,0,,1,1,1.000,3,10,13,3,0,0,3,1,15,13.9
1,1,41.33,14,21,.667,0,1,.000,12,15,.800,8,9,17,10,3,0,1,2,40,46.2
0,1,27.45,7,11,.636,0,0,,0,1,.000,5,6,11,10,0,0,4,2,14,16.2
1,1,35.18,7,10,.700,0,0,,4,6,.667,3,15,18,10,0,1,2,5,18,23.3
1,1,36.13,5,8,.625,1,1,1.000,6,6,1.000,3,10,13,9,0,1,4,1,17,21.1
1,0,35.02,7,16,.438,3,9,.333,1,4,.250,1,11,12,8,0,0,5,1,18,12.6
0,0,38.30,14,24,.583,4,6,.667,5,6,.833,3,8,11,11,3,0,5,2,37,34.8
1,0,39.00,14,23,.609,0,1,.000,7,10,.700,6,14,20,11,2,2,3,2,35,39.0
0,0,34.52,10,13,.769,0,1,.000,8,8,1.000,2,6,8,7,1,0,4,3,28,26.8
0,1,33.29,14,18,.778,0,1,.000,2,3,.667,4,6,10,9,1,1,1,2,30,33.4
0,0,36.51,11,18,.611,1,5,.200,1,1,1.000,2,8,10,8,0,1,6,2,24,19.1
0,1,36.27,9,12,.750,0,0,,4,4,1.000,4,13,17,10,2,0,1,5,22,29.9
0,1,33.36,12,16,.750,2,3,.667,5,5,1.000,5,7,12,7,3,0,2,1,31,35.7
1,1,31.53,10,20,.500,1,6,.167,10,11,.909,1,5,6,11,1,0,3,2,31,27.7
1,1,34.58,8,11,.727,0,0,,9,11,.818,3,14,17,12,0,2,3,3,25,31.6
0,0,24.41,7,13,.538,0,2,.000,0,1,.000,2,8,10,4,2,3,8,1,14,9.6
0,0,26.38,2,5,.400,0,1,.000,2,2,1.000,0,10,10,10,2,0,4,2,6,10.5