Home,Win,Minutes,FieldGoals,FieldGoalsAttempts,FieldGoals%,3P,3PA,3P%,FreeThrows,FreeThrowAttempts,FreeThrows%,ORebounds,DRebounds,TotalRebounds,Assists,Steals,Blocks,Turnovers,Fouls,Points,GameScore
1,1,32.00,4,8,0.5,0,0,,4,7,0.571,5,13,18,2,1,3,8,6,12,8.3
0,1,40.00,8,16,0.5,0,0,,6,11,0.545,5,10,15,1,0,4,4,5,22,16
1,0,34.00,15,25,0.6,0,0,,5,8,0.625,4,9,13,1,1,3,4,4,35,26
1,1,36.00,12,19,0.632,0,0,,7,12,0.583,9,12,21,1,0,4,6,4,31,26.3
0,0,35.00,9,16,0.563,0,0,,11,16,0.688,5,10,15,1,1,3,2,4,29,26.1
0,1,34.00,12,19,0.632,0,0,,5,11,0.455,7,12,19,1,1,3,3,5,29,25.4
1,1,41.00,8,15,0.533,0,0,,13,18,0.722,5,11,16,3,2,3,4,3,29,27.5
0,0,44.00,7,18,0.389,0,0,,4,11,0.364,3,14,17,2,1,3,7,4,18,7.6
1,1,42.00,6,12,0.5,0,0,,0,0,,1,12,13,2,1,3,2,3,12,11.6
0,1,30.00,7,10,0.7,0,0,,7,13,0.538,3,8,11,1,1,4,4,4,21,17.8
1,1,40.00,10,19,0.526,0,0,,2,6,0.333,7,7,14,1,0,3,7,3,22,12.7
0,0,36.00,4,11,0.364,0,0,,1,7,0.143,4,7,11,1,0,4,4,4,9,3.3
0,0,34.00,10,22,0.455,0,0,,6,9,0.667,4,5,9,2,5,4,3,5,26,21.9
0,0,37.00,5,18,0.278,0,0,,7,12,0.583,7,10,17,0,0,6,1,5,17,13.5
1,0,44.00,10,19,0.526,0,0,,6,11,0.545,4,11,15,4,1,4,3,2,26,23.6
0,0,41.00,7,16,0.438,0,0,,3,10,0.3,4,7,11,0,0,5,3,6,17,8.8
1,0,38.00,10,18,0.556,0,0,,6,10,0.6,6,11,17,0,2,4,5,3,26,21.9
1,1,29.00,6,9,0.667,0,0,,8,11,0.727,3,11,14,1,0,6,5,4,20,18.6
1,1,37.00,9,14,0.643,0,0,,4,7,0.571,6,14,20,2,0,7,5,4,22,22.7
0,1,34.00,7,11,0.636,0,0,,1,1,1,1,4,5,5,1,5,3,3,15,15.8
1,1,42.00,12,18,0.667,0,0,,4,10,0.4,5,14,19,3,0,5,5,4,28,24.5
0,0,36.00,6,15,0.4,0,1,0,6,9,0.667,3,8,11,2,0,3,3,5,18,11.7
1,1,38.00,9,15,0.6,0,0,,3,4,0.75,6,8,14,2,1,5,3,3,21,22
1,0,44.00,7,11,0.636,0,0,,9,11,0.818,7,16,23,2,0,0,7,3,23,20.2
1,0,44.00,11,22,0.5,0,0,,7,12,0.583,5,10,15,1,1,3,7,3,29,18.1
1,0,38.00,12,19,0.632,0,0,,5,11,0.455,6,6,12,0,0,5,1,6,29,24.2
1,1,34.00,10,17,0.588,0,0,,2,4,0.5,1,12,13,3,0,5,1,5,22,20.2
1,0,44.00,11,20,0.55,0,0,,8,13,0.615,5,15,20,0,0,8,2,3,30,28.8
1,0,41.00,8,10,0.8,0,0,,3,8,0.375,6,5,11,5,0,0,8,2,19,13.6
0,1,40.00,7,15,0.467,0,1,0,8,9,0.889,1,11,12,2,0,4,2,3,22,18.9
0,1,50.00,11,18,0.611,0,0,,7,12,0.583,9,15,24,2,1,5,6,2,29,28.7
0,0,48.00,16,24,0.667,0,0,,6,7,0.857,8,8,16,3,2,8,9,5,38,33.9
1,0,24.00,6,8,0.75,0,0,,3,6,0.5,4,7,11,0,3,5,2,5,15,18
1,1,40.00,14,16,0.875,0,0,,10,14,0.714,4,9,13,2,0,7,3,0,38,39.6
1,1,32.00,10,18,0.556,0,0,,6,9,0.667,5,7,12,3,1,2,2,5,26,22.3
0,0,34.00,9,13,0.692,0,0,,7,10,0.7,2,5,7,0,0,1,1,5,25,18.9
1,0,40.00,10,13,0.769,0,0,,6,7,0.857,3,10,13,2,0,2,6,6,26,20
0,1,36.00,5,13,0.385,0,0,,8,15,0.533,2,4,6,1,0,4,2,6,18,9.8
0,1,32.00,13,17,0.765,0,0,,5,9,0.556,3,11,14,1,1,2,1,5,31,28.2
0,1,39.00,10,15,0.667,0,0,,2,4,0.5,3,8,11,3,0,3,6,4,22,15.8
0,0,29.00,9,14,0.643,0,0,,2,3,0.667,2,3,5,1,1,2,5,6,20,11.4
0,0,38.00,8,17,0.471,0,0,,6,8,0.75,4,7,11,1,2,4,4,4,22,17.3
1,1,38.00,8,18,0.444,0,0,,3,8,0.375,5,9,14,2,1,1,4,3,19,11.7
0,0,34.00,11,18,0.611,0,0,,7,10,0.7,10,5,15,2,1,4,4,5,29,27.3
1,1,47.00,8,25,0.32,0,0,,5,10,0.5,9,10,19,0,2,9,4,5,21,16.3
0,0,49.00,19,25,0.76,0,0,,8,16,0.5,3,18,21,3,0,5,6,5,46,38
1,1,42.00,10,17,0.588,0,0,,4,7,0.571,7,11,18,2,1,5,5,4,24,22.4
1,1,37.00,9,12,0.75,0,0,,10,16,0.625,2,12,14,2,0,5,5,3,28,24.5
1,0,44.00,12,20,0.6,0,0,,6,12,0.5,7,12,19,1,1,0,3,1,30,25.2
0,1,42.00,12,15,0.8,0,0,,4,5,0.8,0,11,11,1,1,3,2,2,28,26.2
1,0,34.00,8,18,0.444,0,0,,3,5,0.6,2,11,13,2,0,3,3,4,19,12.4
1,1,37.00,10,19,0.526,0,0,,5,9,0.556,9,7,16,1,1,2,2,4,25,22
0,0,32.00,6,10,0.6,0,0,,6,8,0.75,2,9,11,0,1,8,5,5,18,16.3
0,0,38.00,7,13,0.538,0,0,,4,8,0.5,2,8,10,2,1,3,3,4,18,13.8
1,1,42.00,9,19,0.474,0,0,,5,8,0.625,3,12,15,6,0,3,1,3,23,21.9
0,0,35.00,8,23,0.348,0,0,,7,8,0.875,3,6,9,2,0,2,2,6,23,12
1,1,44.00,8,16,0.5,0,0,,10,14,0.714,1,10,11,3,0,2,4,3,26,18.4
0,0,42.00,7,20,0.35,0,0,,8,12,0.667,4,9,13,0,1,1,4,3,22,11.2
1,0,41.00,10,13,0.769,0,0,,9,14,0.643,1,7,8,2,1,4,1,4,29,27.3
0,0,46.00,5,11,0.455,0,0,,6,9,0.667,3,14,17,1,2,2,5,4,16,12.9
0,0,38.00,7,12,0.583,0,0,,7,13,0.538,3,9,12,4,1,3,2,4,21,20.1
0,0,32.00,7,11,0.636,0,0,,1,5,0.2,3,10,13,1,1,2,8,5,15,6.7
0,1,29.00,7,12,0.583,0,0,,8,9,0.889,4,5,9,2,0,2,2,5,22,19.1
1,1,38.00,13,18,0.722,0,0,,2,5,0.4,1,9,10,3,0,2,1,3,28,24.1
0,0,31.00,8,11,0.727,0,0,,4,12,0.333,2,5,7,1,0,2,2,3,20,14.1
1,1,37.00,12,17,0.706,0,0,,3,5,0.6,6,11,17,2,5,3,3,5,27,30.1
1,1,38.00,2,11,0.182,0,0,,3,8,0.375,5,7,12,1,0,0,3,5,7,-0.6
0,0,38.00,10,17,0.588,0,0,,8,13,0.615,7,12,19,1,1,1,2,4,28,25.4
0,0,39.00,6,11,0.545,0,0,,6,7,0.857,2,8,10,2,1,5,6,4,18,14.4
1,1,35.00,17,23,0.739,0,0,,1,2,0.5,4,12,16,5,1,3,2,2,35,35.5
0,1,38.00,12,21,0.571,0,0,,5,10,0.5,3,7,10,2,0,3,5,5,29,17.8
0,1,39.00,13,19,0.684,0,0,,3,4,0.75,1,8,9,3,0,6,2,2,29,27.1
0,0,33.00,8,17,0.471,0,0,,4,8,0.5,4,12,16,1,0,1,8,5,20,7.5
1,1,35.00,6,14,0.429,0,0,,3,7,0.429,7,9,16,4,0,7,2,3,15,18.1
0,0,37.00,9,20,0.45,0,0,,3,6,0.5,5,6,11,1,1,4,4,3,21,14
0,0,39.00,11,21,0.524,0,0,,2,5,0.4,8,10,18,3,0,3,5,6,24,17.9
1,1,42.00,8,20,0.4,0,0,,4,5,0.8,5,16,21,2,1,1,2,5,20,16.2
1,1,41.00,8,13,0.615,0,0,,4,8,0.5,7,18,25,6,0,4,6,3,20,22.6
0,0,34.00,7,14,0.5,0,0,,6,8,0.75,1,9,10,2,1,2,2,2,20,16.6
0,1,34.00,3,11,0.273,0,0,,4,5,0.8,2,3,5,1,1,5,1,5,10,7.6
1,1,39.00,12,16,0.75,0,0,,7,11,0.636,2,16,18,3,1,1,7,3,31,24.8
0,1,31.00,17,24,0.708,0,0,,8,13,0.615,4,8,12,1,1,1,1,4,42,35
1,1,33.00,16,22,0.727,0,0,,4,6,0.667,4,3,7,1,1,5,2,4,36,31.5
1,1,36.00,14,19,0.737,0,0,,9,16,0.563,4,5,9,2,0,4,4,5,37,29
0,0,28.00,6,15,0.4,0,0,,7,15,0.467,5,3,8,3,0,1,2,5,19,10.9
1,0,38.00,8,17,0.471,0,0,,5,10,0.5,1,6,7,4,1,4,4,5,21,13.4
1,1,41.00,10,15,0.667,0,0,,3,3,1,2,8,10,5,0,4,4,2,23,21.8
0,0,40.00,11,22,0.5,0,0,,3,6,0.5,3,10,13,1,1,2,4,4,25,15.4
0,0,39.00,18,26,0.692,0,0,,5,7,0.714,4,6,10,1,0,2,5,1,41,30.5
0,1,36.00,12,19,0.632,0,0,,0,1,0,10,18,28,3,1,15,3,4,24,36.5
1,1,33.00,12,19,0.632,0,0,,4,6,0.667,2,5,7,2,1,1,2,4,28,21.1
0,0,41.00,10,23,0.435,0,0,,3,5,0.6,2,9,11,1,0,1,2,4,23,12
1,1,38.00,10,14,0.714,0,0,,6,10,0.6,3,8,11,0,1,1,2,2,26,22
1,0,43.00,9,17,0.529,0,0,,3,6,0.5,5,14,19,1,1,3,4,3,21,17.8
0,1,41.00,8,14,0.571,0,0,,7,17,0.412,6,9,15,2,2,5,1,4,23,23.6
1,1,39.00,10,16,0.625,0,0,,7,19,0.368,5,11,16,4,0,1,2,3,27,22.1
0,0,45.00,17,25,0.68,0,0,,15,18,0.833,3,8,11,3,2,0,2,3,49,42.5
1,1,42.00,12,18,0.667,0,0,,6,8,0.75,2,10,12,5,0,8,6,2,30,28.1
0,1,36.00,10,16,0.625,0,0,,3,9,0.333,4,7,11,1,1,3,3,4,23,17.5
0,0,31.00,6,10,0.6,0,0,,4,10,0.4,2,9,11,0,0,2,5,3,16,8.3
0,0,41.00,15,29,0.517,0,0,,1,2,0.5,5,9,14,0,1,2,1,1,31,23.5
0,1,43.00,12,22,0.545,0,0,,12,19,0.632,6,9,15,4,0,5,3,4,36,31.2
0,1,45.00,12,21,0.571,0,0,,3,7,0.429,3,14,17,5,0,4,3,4,27,23.5
1,0,43.00,12,17,0.706,0,0,,9,15,0.6,6,4,10,5,4,1,2,3,33,33.9
1,1,37.00,13,18,0.722,0,0,,8,13,0.615,5,10,15,4,2,3,1,5,34,35
0,0,38.00,9,15,0.6,0,0,,2,7,0.286,4,7,11,2,1,1,2,4,20,15.5
1,1,40.00,13,23,0.565,0,0,,6,12,0.5,8,9,17,2,0,1,3,3,32,24.9
1,0,31.00,8,14,0.571,0,0,,3,4,0.75,0,13,13,3,0,1,6,3,19,11.5
0,1,39.00,12,18,0.667,0,0,,3,8,0.375,7,12,19,4,2,5,3,5,27,29
0,0,36.00,11,16,0.688,0,0,,4,11,0.364,2,3,5,3,0,1,3,5,26,16.5
1,1,43.00,10,17,0.588,0,0,,8,14,0.571,3,9,12,3,1,0,5,2,28,19.8
1,1,45.00,12,22,0.545,0,0,,5,8,0.625,10,9,19,4,3,4,3,4,29,30.9
1,1,39.00,13,19,0.684,0,0,,2,5,0.4,5,2,7,4,1,1,1,5,28,24.3
1,0,44.00,6,15,0.4,0,0,,10,14,0.714,5,4,9,2,1,6,1,5,22,20.6
0,0,31.00,11,22,0.5,0,0,,3,8,0.375,2,7,9,2,1,2,3,5,25,14.3
0,1,46.00,13,16,0.813,0,0,,7,12,0.583,1,13,14,3,0,1,4,2,33,27.6
0,0,34.00,11,19,0.579,0,0,,9,11,0.818,2,8,10,4,0,0,2,5,31,23.9
1,1,47.00,17,27,0.63,0,0,,6,11,0.545,8,11,19,1,0,4,3,2,40,34.5
1,1,45.00,18,27,0.667,0,0,,1,7,0.143,8,9,17,5,0,5,2,4,37,34.6
0,1,44.00,15,16,0.938,0,0,,3,13,0.231,4,1,5,3,0,4,5,4,33,25.2
1,1,35.00,8,20,0.4,0,0,,6,10,0.6,3,9,12,2,1,7,1,2,22,19.9
0,1,41.00,17,20,0.85,0,0,,2,4,0.5,2,7,9,6,0,1,1,4,36,33.8
1,0,40.00,6,12,0.5,0,0,,9,12,0.75,6,5,11,2,0,5,5,4,21,17.8
0,1,46.00,12,23,0.522,0,0,,3,10,0.3,4,5,9,0,2,2,3,3,27,16.4
0,0,39.00,9,14,0.643,0,0,,4,7,0.571,2,6,8,3,0,2,4,3,22,16.1
1,0,32.00,14,19,0.737,0,0,,1,8,0.125,5,5,10,2,2,3,5,6,29,21.6
0,0,44.00,7,16,0.438,0,0,,8,11,0.727,2,11,13,3,2,5,2,5,22,20.7
1,1,43.00,14,20,0.7,0,0,,9,17,0.529,2,11,13,1,3,1,5,4,37,27.9
1,1,43.00,14,27,0.519,0,0,,8,20,0.4,14,10,24,4,2,4,4,2,36,33.5
1,1,41.00,16,19,0.842,0,0,,6,7,0.857,9,11,20,3,1,5,2,1,38,44.5
0,1,43.00,18,26,0.692,0,0,,2,6,0.333,6,8,14,2,1,2,2,3,38,32.6
1,1,36.00,11,20,0.55,0,0,,6,11,0.545,3,5,8,1,3,4,4,5,28,20.5
1,1,44.00,9,24,0.375,0,0,,3,8,0.375,6,9,15,3,4,3,0,4,21,19.3
1,1,39.00,9,16,0.563,0,0,,3,5,0.6,3,8,11,1,1,5,5,4,21,15.7
0,0,44.00,8,19,0.421,0,0,,3,12,0.25,5,8,13,2,1,2,1,2,19,13.2
0,1,40.00,18,29,0.621,0,0,,7,12,0.583,10,6,16,1,0,1,3,2,43,34.3
0,0,41.00,9,23,0.391,0,0,,4,10,0.4,6,10,16,0,2,0,4,4,22,10.7
0,0,39.00,11,20,0.55,0,0,,10,15,0.667,3,8,11,2,1,0,3,5,32,22.3
1,1,39.00,10,19,0.526,0,0,,9,14,0.643,8,8,16,1,2,1,4,3,29,23.9
0,1,35.00,14,21,0.667,0,0,,12,17,0.706,8,6,14,1,1,3,4,1,40,35.7
1,1,46.00,12,19,0.632,0,0,,4,11,0.364,5,16,21,2,0,3,2,3,28,25.3
1,0,45.00,16,26,0.615,0,0,,7,12,0.583,2,12,14,6,2,3,0,2,39,37.7
0,0,39.00,10,18,0.556,0,0,,3,8,0.375,6,7,13,2,0,5,6,6,23,15.2
1,1,41.00,11,24,0.458,0,0,,12,12,1,10,11,21,2,0,5,0,4,34,35.2
1,1,40.00,16,21,0.762,0,0,,6,10,0.6,2,13,15,3,4,3,0,1,38,41.2
0,0,46.00,12,19,0.632,0,0,,5,10,0.5,4,12,16,5,0,1,3,0,29,26.1
0,0,41.00,12,19,0.632,0,0,,5,7,0.714,5,7,12,4,0,2,3,6,29,24.1
0,1,39.00,7,11,0.636,0,0,,5,11,0.455,4,4,8,2,0,3,2,5,19,15.2
1,0,36.00,12,22,0.545,0,0,,6,15,0.4,8,8,16,3,1,1,4,5,30,21.6
1,1,40.00,11,16,0.688,0,0,,3,7,0.429,4,6,10,1,1,3,2,1,25,22.6
0,1,31.00,7,13,0.538,0,0,,3,7,0.429,6,10,16,1,1,3,5,5,17,13.1
0,0,43.00,13,20,0.65,0,0,,10,14,0.714,9,8,17,1,0,4,1,4,36,35.2
1,1,42.00,14,22,0.636,0,0,,12,12,1,6,10,16,3,0,3,3,1,40,38.2
0,1,36.00,6,13,0.462,0,0,,5,7,0.714,2,6,8,2,1,2,4,4,17,10.9
0,1,44.00,10,19,0.526,0,0,,3,8,0.375,4,7,11,3,1,3,2,5,23,17.8
1,0,45.00,15,23,0.652,0,1,0,7,17,0.412,6,10,16,2,1,3,0,4,37,33
0,0,53.00,18,32,0.563,0,0,,6,14,0.429,4,7,11,1,1,3,1,3,42,30.1
1,1,44.00,12,19,0.632,0,0,,8,9,0.889,7,7,14,2,1,2,2,4,32,30.3
0,1,27.00,5,14,0.357,0,0,,9,11,0.818,2,8,10,0,0,3,0,2,19,15.5
1,1,36.00,22,31,0.71,0,0,,9,13,0.692,7,11,18,4,2,2,3,3,53,48.7
0,0,43.00,7,18,0.389,0,1,0,13,19,0.684,4,15,19,1,1,2,2,3,27,22
1,1,41.00,12,21,0.571,0,0,,8,14,0.571,5,17,22,2,0,2,1,2,32,29.3
0,0,37.00,9,18,0.5,0,0,,10,14,0.714,4,8,12,3,3,2,4,5,28,23.1
1,1,38.00,12,21,0.571,0,0,,6,9,0.667,2,7,9,2,0,1,1,4,30,21.9
0,1,47.00,20,32,0.625,0,0,,6,11,0.545,14,6,20,3,1,3,0,3,46,45.2
0,0,43.00,17,26,0.654,0,0,,7,13,0.538,5,12,17,1,1,2,4,4,41,31.8
0,1,34.00,10,17,0.588,0,0,,8,11,0.727,7,5,12,6,1,4,3,5,28,28.3
1,1,35.00,10,19,0.526,0,0,,9,14,0.643,2,11,13,6,1,5,2,3,29,27.9
1,1,38.00,9,15,0.6,0,0,,4,4,1,2,5,7,2,0,2,2,4,22,17.2
1,1,28.00,10,15,0.667,0,0,,2,4,0.5,3,4,7,1,0,2,1,5,22,17.1
1,1,29.00,13,19,0.684,0,0,,4,4,1,4,3,7,2,0,0,3,5,30,22
0,1,39.00,14,20,0.7,0,0,,8,14,0.571,4,5,9,4,1,3,1,3,36,33.2
0,1,37.00,7,16,0.438,0,0,,7,11,0.636,3,9,12,2,1,5,1,2,21,19.9
1,1,36.00,18,25,0.72,0,0,,5,12,0.417,6,3,9,1,2,1,2,1,41,34
1,1,34.00,16,23,0.696,0,0,,6,9,0.667,1,9,10,0,0,1,5,4,38,24.6
0,0,40.00,10,25,0.4,0,0,,7,11,0.636,3,12,15,2,0,1,2,4,27,16.1
0,1,31.00,11,14,0.786,0,0,,4,8,0.5,1,6,7,4,1,2,0,2,26,25.9
1,1,44.00,12,21,0.571,0,0,,9,15,0.6,3,7,10,1,0,3,3,3,33,23.5
0,1,31.00,11,15,0.733,0,0,,3,6,0.5,1,9,10,2,2,0,5,5,25,17.5
1,1,41.00,14,26,0.538,0,0,,5,12,0.417,9,4,13,4,3,1,2,4,33,28
0,0,33.00,8,15,0.533,0,0,,2,11,0.182,2,3,5,1,1,1,2,4,18,8.2
1,1,29.00,10,17,0.588,0,0,,4,8,0.5,1,7,8,3,0,2,4,1,24,16.4
0,1,45.00,15,20,0.75,0,0,,10,21,0.476,4,14,18,2,1,2,2,2,40,35.6
0,0,30.00,6,15,0.4,0,0,,3,7,0.429,3,2,5,4,0,0,1,4,15,8.2
0,1,39.00,12,21,0.571,0,0,,6,14,0.429,3,8,11,1,2,3,2,5,30,22.2
0,1,33.00,14,16,0.875,0,0,,4,15,0.267,2,8,10,3,0,5,5,3,32,25.2
1,1,32.00,12,18,0.667,0,0,,8,12,0.667,2,5,7,2,1,0,2,3,32,24.7
0,1,33.00,11,20,0.55,0,0,,6,11,0.545,3,6,9,3,0,5,4,6,28,19.5
1,1,37.00,11,22,0.5,0,0,,6,12,0.5,6,5,11,3,1,4,2,1,28,23.8
0,0,42.00,12,24,0.5,0,0,,6,12,0.5,4,13,17,4,0,3,5,0,30,22.2
1,1,41.00,14,25,0.56,0,0,,10,15,0.667,2,8,10,3,3,5,4,3,38,31.3
1,1,42.00,11,20,0.55,0,0,,3,7,0.429,1,3,4,3,2,3,2,3,25,18.4
1,1,41.00,13,24,0.542,0,0,,8,12,0.667,4,3,7,5,0,2,2,4,34,25.8
0,1,31.00,8,16,0.5,0,0,,7,11,0.636,4,7,11,4,0,2,3,2,23,18.7
0,0,36.00,5,12,0.417,0,0,,7,14,0.5,2,10,12,2,1,2,5,4,17,9.4
1,1,32.00,13,19,0.684,0,0,,11,20,0.55,2,5,7,2,0,1,3,2,37,26.5
0,1,29.00,8,13,0.615,0,0,,5,11,0.455,4,6,10,2,1,2,3,5,21,16.1
1,1,36.00,14,19,0.737,0,0,,3,5,0.6,4,6,10,2,2,4,8,1,31,24.9
1,1,43.00,14,25,0.56,0,0,,7,12,0.583,8,7,15,1,0,2,4,5,35,24.9
0,1,38.00,17,25,0.68,0,0,,8,13,0.615,1,9,10,2,0,4,3,2,42,33.1
0,1,29.00,9,16,0.563,0,0,,2,5,0.4,6,6,12,4,1,1,2,5,20,17.7
0,0,37.00,8,17,0.471,0,0,,8,13,0.615,1,7,8,2,0,0,3,5,24,12.5
1,1,35.00,14,26,0.538,0,0,,3,10,0.3,3,12,15,1,0,4,0,1,31,24.4
1,1,40.00,13,22,0.591,0,0,,11,19,0.579,9,8,17,3,2,4,4,2,37,34.4
1,0,46.00,15,27,0.556,0,0,,9,15,0.6,4,11,15,0,1,4,2,1,39,31.2
0,0,39.00,7,18,0.389,0,0,,6,8,0.75,2,8,10,2,2,4,1,3,20,17.2
1,1,46.00,17,28,0.607,0,0,,7,13,0.538,10,5,15,3,0,2,3,3,41,33.6
1,1,28.00,8,15,0.533,0,0,,3,9,0.333,4,6,10,3,0,2,3,3,19,13.2
1,1,35.00,7,14,0.5,0,0,,1,6,0.167,4,4,8,2,3,3,2,4,15,12.9
0,0,46.00,9,17,0.529,0,1,0,8,14,0.571,2,7,9,3,0,5,2,2,26,21.6
1,1,28.00,15,22,0.682,0,1,0,0,1,0,5,4,9,3,1,3,3,4,30,25.5
0,0,41.00,14,28,0.5,0,0,,8,13,0.615,6,6,12,2,0,5,2,4,36,27.3
0,1,32.00,12,20,0.6,0,0,,6,6,1,3,8,11,6,0,2,1,1,30,29.5
0,0,38.00,14,22,0.636,0,0,,10,18,0.556,4,5,9,1,1,1,1,4,38,29.1
1,1,5.00,3,3,1,0,0,,0,0,,0,0,0,1,0,0,1,3,6,3.6
1,1,41.00,16,28,0.571,0,0,,9,15,0.6,5,5,10,1,2,0,1,5,41,30.1
0,1,42.00,9,17,0.529,0,0,,1,3,0.333,5,15,20,6,2,2,4,5,19,19.5
0,0,40.00,15,27,0.556,0,0,,6,12,0.5,2,10,12,0,0,2,4,4,36,20.9
1,1,44.00,12,20,0.6,0,0,,6,12,0.5,3,6,9,3,0,2,2,3,30,22.6
1,1,42.00,20,26,0.769,0,0,,6,10,0.6,7,4,11,4,1,5,2,2,46,44.8
1,1,38.00,11,23,0.478,0,1,0,4,6,0.667,5,10,15,3,2,3,3,1,26,22.8
1,1,42.00,10,24,0.417,0,0,,8,11,0.727,5,8,13,3,1,1,2,4,28,20.1
1,0,43.00,10,19,0.526,0,0,,9,16,0.563,3,8,11,2,0,3,1,3,29,22.7
0,0,41.00,13,25,0.52,0,0,,8,10,0.8,6,11,17,4,3,5,2,4,34,34.1
0,0,40.00,11,24,0.458,0,0,,6,10,0.6,10,4,14,4,1,1,3,4,28,22.1
1,1,33.00,12,19,0.632,0,0,,2,7,0.286,3,5,8,1,0,0,2,2,26,17
1,1,41.00,13,21,0.619,0,1,0,8,13,0.615,4,11,15,4,1,5,1,4,34,33.3
0,1,40.00,10,21,0.476,0,0,,4,9,0.444,9,7,16,4,0,3,4,3,24,19.4
1,1,31.00,11,18,0.611,0,0,,2,5,0.4,3,9,12,5,1,3,3,3,24,21.8
0,0,40.00,13,22,0.591,0,0,,6,12,0.5,4,8,12,5,2,4,1,4,32,30.3
0,1,40.00,10,23,0.435,0,0,,8,13,0.615,4,7,11,1,2,3,2,4,28,20
0,0,42.00,11,22,0.5,0,1,0,5,8,0.625,5,7,12,6,1,2,5,2,27,21.2
1,1,39.00,15,26,0.577,0,0,,10,22,0.455,9,10,19,4,0,2,0,1,40,36.1
0,0,40.00,13,20,0.65,0,0,,5,16,0.313,6,12,18,3,0,0,3,3,31,23.5
0,0,40.00,11,19,0.579,0,0,,1,6,0.167,2,10,12,3,3,2,6,5,23,15
1,1,36.00,12,16,0.75,0,0,,6,11,0.545,6,12,18,4,0,4,3,3,30,30.8
0,0,43.00,12,16,0.75,0,0,,2,11,0.182,3,9,12,3,1,0,2,2,26,21.1
0,0,41.00,16,22,0.727,0,0,,6,14,0.429,7,9,16,2,0,2,6,5,38,28.2
1,1,36.00,13,21,0.619,0,0,,8,11,0.727,7,5,12,1,3,4,2,3,34,33
1,1,32.00,9,16,0.563,0,0,,2,10,0.2,4,9,13,3,2,3,1,3,20,18.7
0,0,27.00,6,11,0.545,0,0,,1,6,0.167,2,5,7,1,2,1,2,5,13,8
1,1,24.00,9,16,0.563,0,0,,8,16,0.5,5,6,11,1,0,1,1,5,26,18.9
0,0,35.00,13,19,0.684,0,0,,6,11,0.545,3,8,11,1,0,2,3,5,32,23.5
1,1,32.00,11,16,0.688,0,0,,8,13,0.615,1,4,5,0,1,3,2,3,30,23
1,1,38.00,12,24,0.5,0,0,,4,10,0.4,4,8,12,2,0,6,2,3,28,21.2
0,1,36.00,6,9,0.667,0,0,,6,10,0.6,4,7,11,1,1,4,6,3,18,14.7
1,1,38.00,10,15,0.667,0,0,,2,6,0.333,8,10,18,5,0,1,4,5,22,20.7
1,1,31.00,10,14,0.714,0,0,,5,8,0.625,3,7,10,3,0,2,2,4,25,22.1
1,1,37.00,11,15,0.733,0,0,,4,11,0.364,3,5,8,1,4,2,1,3,26,24.6
1,1,33.00,16,22,0.727,0,0,,6,15,0.4,4,9,13,4,0,4,4,4,38,30.9
0,0,36.00,14,18,0.778,0,0,,5,12,0.417,1,7,8,1,1,3,5,3,33,23.6
0,1,36.00,15,20,0.75,0,0,,5,7,0.714,2,6,8,2,0,1,3,1,35,28.1
0,0,42.00,7,19,0.368,0,0,,5,8,0.625,4,4,8,4,1,3,0,5,19,15.2
0,1,42.00,13,24,0.542,0,0,,3,7,0.429,5,11,16,3,1,1,6,4,29,18.8
1,1,30.00,9,13,0.692,0,0,,2,6,0.333,1,9,10,0,0,1,2,3,20,13.8
0,0,39.00,8,14,0.571,0,0,,4,10,0.4,2,8,10,4,0,4,2,3,20,17.2
0,0,38.00,9,19,0.474,0,0,,5,9,0.556,6,7,13,1,1,0,2,5,23,15.7
1,1,39.00,14,20,0.7,0,0,,2,13,0.154,3,16,19,7,2,5,7,3,30,26.3
0,0,35.00,6,10,0.6,0,0,,6,13,0.462,4,7,11,4,1,4,5,5,18,15.1
1,1,39.00,12,22,0.545,0,0,,1,7,0.143,4,12,16,2,1,2,2,3,25,19
1,1,38.00,9,18,0.5,0,0,,8,11,0.727,3,9,12,3,0,1,2,5,26,19.4
1,1,34.00,9,15,0.6,0,0,,4,9,0.444,1,4,5,2,0,3,1,2,22,16.7
0,0,27.00,6,10,0.6,0,0,,3,6,0.5,2,7,9,1,0,1,4,5,15,8.1
1,1,35.00,14,25,0.56,0,0,,2,4,0.5,3,9,12,0,1,1,2,1,30,21.4
1,1,32.00,13,21,0.619,1,1,1,4,12,0.333,1,9,10,5,1,0,6,0,31,20.2
0,1,43.00,11,24,0.458,0,0,,9,18,0.5,4,6,10,4,1,3,4,5,31,19.5
1,1,30.00,12,23,0.522,0,0,,0,2,0,3,10,13,3,0,4,2,5,24,17.9
0,1,42.00,10,18,0.556,0,0,,5,10,0.5,3,8,11,2,0,1,1,5,25,18
0,1,24.00,7,13,0.538,0,0,,3,8,0.375,2,2,4,5,0,0,1,5,17,11.2
0,0,41.00,13,23,0.565,0,0,,7,17,0.412,4,12,16,3,0,2,1,4,33,25.4
1,1,40.00,12,27,0.444,0,0,,7,18,0.389,4,10,14,2,1,5,2,3,31,21
0,1,38.00,15,24,0.625,0,0,,3,6,0.5,4,5,9,7,0,3,5,4,33,25.7
1,1,38.00,17,29,0.586,0,1,0,7,12,0.583,4,13,17,1,0,2,0,1,41,33.9
0,1,31.00,10,17,0.588,0,0,,2,4,0.5,5,5,10,6,1,4,2,3,22,23.1
0,1,33.00,9,14,0.643,0,0,,0,0,,3,7,10,5,0,2,3,4,18,16.3
1,1,45.00,16,21,0.762,0,0,,4,12,0.333,2,3,5,4,1,3,4,2,36,27.9
1,1,27.00,7,14,0.5,0,0,,11,17,0.647,0,4,4,0,0,0,1,5,25,13.8
0,0,37.00,9,19,0.474,0,0,,2,4,0.5,4,7,11,1,1,1,4,5,20,10.8
0,0,44.00,9,20,0.45,0,0,,2,6,0.333,9,2,11,1,3,1,2,4,20,15.7
0,1,45.00,9,21,0.429,0,0,,5,8,0.625,0,14,14,1,0,5,1,2,23,17.3
0,1,39.00,12,23,0.522,0,0,,2,4,0.5,3,7,10,4,1,3,7,6,26,14.6
1,1,30.00,4,13,0.308,0,0,,2,4,0.5,2,3,5,4,0,1,2,5,10,3.5
0,1,33.00,12,18,0.667,0,0,,4,10,0.4,3,11,14,8,0,2,2,3,28,27
0,1,45.00,21,40,0.525,0,0,,7,13,0.538,8,9,17,2,1,3,3,4,49,35.2
1,0,42.00,11,24,0.458,0,0,,1,6,0.167,1,9,10,3,1,1,4,2,23,11
0,1,27.00,8,12,0.667,0,0,,8,11,0.727,3,5,8,4,2,2,3,2,24,23.6
1,1,38.00,11,21,0.524,0,0,,10,13,0.769,2,6,8,4,0,0,0,3,32,25.3
1,0,33.00,10,16,0.625,0,0,,1,2,0.5,2,7,9,4,1,1,5,3,21,15.2
1,1,44.00,15,18,0.833,0,0,,9,13,0.692,4,9,13,3,0,1,2,1,39,36.7
1,0,32.00,16,28,0.571,0,0,,1,5,0.2,7,4,11,3,1,2,2,5,33,24.8
0,0,40.00,14,23,0.609,0,0,,9,17,0.529,5,11,16,3,1,1,2,3,37,30.7
1,1,38.00,10,22,0.455,0,0,,6,10,0.6,6,12,18,1,1,2,3,4,26,19.3
1,1,33.00,7,16,0.438,0,0,,8,14,0.571,5,9,14,3,0,1,3,4,22,15.6
0,1,32.00,10,16,0.625,0,0,,3,5,0.6,3,7,10,4,0,2,3,3,23,19.2
0,1,36.00,9,18,0.5,0,0,,3,8,0.375,0,8,8,3,1,2,7,5,21,7.9
1,1,35.00,8,10,0.8,0,0,,7,11,0.636,4,10,14,3,0,2,5,5,23,19.9
1,1,41.00,14,20,0.7,0,0,,7,13,0.538,6,13,19,3,0,3,3,5,35,31.5
0,1,41.00,12,23,0.522,0,0,,2,5,0.4,3,10,13,1,2,5,2,5,26,20.8
0,0,42.00,10,18,0.556,0,0,,2,5,0.4,3,7,10,1,0,2,4,4,22,12.9
0,0,36.00,11,18,0.611,0,0,,3,7,0.429,5,5,10,2,2,0,3,3,25,19.4
1,1,39.00,9,20,0.45,0,0,,1,4,0.25,6,12,18,4,2,4,3,5,19,17.8
0,1,42.00,15,24,0.625,0,0,,4,8,0.5,6,9,15,2,1,2,5,6,34,24.9
0,0,37.00,11,15,0.733,0,0,,8,11,0.727,4,6,10,1,0,4,6,2,30,24
1,1,29.00,6,11,0.545,0,0,,6,10,0.6,2,1,3,3,3,2,3,6,18,13.9
0,1,40.00,7,12,0.583,0,0,,2,5,0.4,1,12,13,1,1,0,4,3,16,10
0,1,45.00,12,19,0.632,0,0,,2,8,0.25,1,11,12,7,0,3,2,3,26,22.9
1,0,41.00,11,22,0.5,0,0,,4,10,0.4,8,7,15,2,1,4,4,4,26,19.9
1,1,38.00,13,19,0.684,0,0,,3,10,0.3,7,14,21,1,0,2,4,1,29,24.9
1,0,37.00,10,16,0.625,0,0,,3,11,0.273,4,7,11,0,0,2,4,5,23,12.9
0,1,38.00,9,15,0.6,0,1,0,5,12,0.417,4,16,20,1,1,2,1,4,23,21.4
0,0,38.00,10,15,0.667,0,0,,2,7,0.286,4,6,10,5,0,4,0,3,22,23.2
0,1,42.00,11,19,0.579,0,1,0,5,12,0.417,2,9,11,3,0,0,7,2,27,13.7
1,1,40.00,10,19,0.526,0,0,,4,7,0.571,4,12,16,8,0,4,7,4,24,19.7
1,1,45.00,13,25,0.52,0,0,,6,10,0.6,5,9,14,7,1,3,3,2,32,28.5
0,0,33.00,8,18,0.444,0,0,,5,9,0.556,3,5,8,2,0,3,4,4,21,11.5
1,1,41.00,9,18,0.5,0,0,,7,10,0.7,5,13,18,2,5,7,2,4,25,29.9
1,1,35.00,10,14,0.714,0,0,,2,4,0.5,3,7,10,5,1,1,4,1,22,20.4
0,1,42.00,10,24,0.417,0,0,,7,13,0.538,4,9,13,4,0,4,2,4,27,19.3
1,1,42.00,13,22,0.591,0,0,,7,13,0.538,2,8,10,2,0,6,1,4,33,27.2
1,1,46.00,14,29,0.483,0,0,,6,9,0.667,2,8,10,7,1,6,3,3,34,27.8
0,0,44.00,12,20,0.6,0,0,,3,6,0.5,5,8,13,3,1,2,4,5,27,21
0,1,43.00,15,25,0.6,0,0,,11,16,0.688,1,12,13,2,2,3,4,4,41,31.7
0,0,41.00,8,20,0.4,0,0,,5,12,0.417,6,11,17,1,0,3,2,4,21,14.1
0,1,40.00,11,24,0.458,0,1,0,4,9,0.444,3,13,16,5,1,1,2,4,26,19.2
1,1,39.00,10,19,0.526,0,0,,5,13,0.385,5,6,11,4,2,2,2,3,25,20.8
1,1,28.00,10,17,0.588,0,0,,8,12,0.667,3,5,8,4,1,2,1,4,28,24.7
0,1,42.00,11,25,0.44,0,0,,3,8,0.375,6,10,16,2,0,4,1,5,25,18.3
0,1,40.00,13,21,0.619,0,0,,5,9,0.556,2,10,12,2,0,4,2,3,31,25.3
0,0,40.00,15,23,0.652,0,0,,4,14,0.286,0,12,12,1,0,3,0,5,34,24.3
1,1,42.00,10,19,0.526,0,0,,3,7,0.429,3,13,16,3,0,4,3,2,23,19.2
1,1,41.00,15,26,0.577,0,0,,4,11,0.364,4,10,14,4,0,4,5,4,34,23.8
1,1,37.00,9,18,0.5,0,0,,6,16,0.375,5,7,12,4,2,5,3,4,24,20.3
1,0,40.00,12,22,0.545,0,0,,9,17,0.529,4,9,13,7,2,5,3,5,33,30.1
1,0,49.00,9,12,0.75,0,0,,0,2,0,6,13,19,3,2,5,3,5,18,23.1
1,1,33.00,6,15,0.4,0,0,,2,6,0.333,2,11,13,7,1,1,2,2,14,12.8
1,1,38.00,15,25,0.6,0,0,,3,6,0.5,5,6,11,3,1,6,4,3,33,27.7
0,1,39.00,9,19,0.474,0,0,,4,8,0.5,4,7,11,3,1,2,1,2,22,18.3
0,1,37.00,13,23,0.565,0,0,,5,10,0.5,4,6,10,3,0,2,1,3,31,24
0,1,40.00,9,18,0.5,0,0,,3,13,0.231,8,11,19,2,0,3,4,5,21,14.4
1,1,31.00,11,17,0.647,0,0,,2,6,0.333,1,6,7,3,2,4,1,2,24,22.5
0,1,8.00,6,7,0.857,0,0,,0,2,0,1,3,4,0,1,0,0,0,12,11.3
1,1,24.00,12,22,0.545,0,0,,0,3,0,5,6,11,2,0,3,2,2,24,18.2
1,1,41.00,14,29,0.483,0,0,,11,18,0.611,5,8,13,2,1,2,1,2,39,29.4
1,1,33.00,15,31,0.484,0,1,0,12,14,0.857,6,6,12,3,1,1,3,2,42,31.5
0,1,31.00,5,8,0.625,0,0,,8,12,0.667,0,6,6,5,3,0,2,3,18,17.9
0,0,35.00,11,21,0.524,0,0,,2,5,0.4,3,4,7,4,1,1,4,5,24,14.3
1,1,27.00,7,12,0.583,0,0,,3,9,0.333,3,5,8,4,0,3,2,6,17,13.1
1,1,29.00,10,17,0.588,0,0,,7,12,0.583,4,15,19,3,0,2,2,3,27,24.7
0,1,37.00,17,23,0.739,0,0,,3,9,0.333,2,10,12,2,0,3,2,3,37,30
0,1,43.00,13,26,0.5,0,0,,8,15,0.533,5,10,15,1,1,4,7,4,34,20.6
0,1,50.00,8,18,0.444,0,0,,8,13,0.615,5,8,13,8,2,3,3,3,24,24
1,1,29.00,5,8,0.625,0,0,,4,8,0.5,2,3,5,2,1,2,2,1,14,12.5
0,1,36.00,7,10,0.7,0,0,,3,8,0.375,4,5,9,0,1,4,3,3,17,14.7
1,1,34.00,11,16,0.688,0,0,,4,5,0.8,2,10,12,4,1,2,5,4,26,21.8
1,1,24.00,10,14,0.714,0,0,,2,7,0.286,3,6,9,2,0,2,0,2,22,20.1
1,0,31.00,12,19,0.632,0,0,,2,7,0.286,8,8,16,5,0,0,3,5,26,22
0,1,36.00,9,20,0.45,0,0,,7,12,0.583,3,11,14,5,1,3,2,5,25,20.6
1,1,35.00,13,19,0.684,0,0,,12,21,0.571,1,8,9,0,2,3,2,2,38,30.7
0,1,31.00,14,20,0.7,0,0,,4,11,0.364,2,5,7,2,1,0,3,5,32,21.1
1,0,40.00,12,19,0.632,0,0,,8,16,0.5,2,11,13,2,1,3,2,3,32,26.3
1,1,32.00,14,20,0.7,0,0,,6,11,0.545,8,2,10,2,0,1,1,2,34,30.1
1,1,33.00,8,16,0.5,0,0,,8,16,0.5,4,10,14,3,1,4,4,4,24,18.9
1,1,42.00,14,25,0.56,0,0,,7,14,0.5,8,7,15,3,1,7,4,5,35,30
0,1,34.00,10,16,0.625,0,0,,6,12,0.5,3,8,11,3,0,0,3,2,26,19.2
0,0,35.00,12,19,0.632,0,0,,6,13,0.462,3,9,12,2,0,5,3,3,30,24.2
1,0,35.00,12,21,0.571,0,0,,3,8,0.375,8,11,19,5,2,6,3,3,27,29.5
1,1,39.00,9,18,0.5,0,0,,8,15,0.533,5,12,17,2,0,2,2,5,26,20.1
1,1,35.00,8,14,0.571,0,0,,8,13,0.615,4,5,9,3,0,2,1,1,24,21.8
1,1,39.00,10,17,0.588,0,0,,1,9,0.111,2,8,10,2,0,2,3,3,21,12.3
0,0,35.00,12,26,0.462,0,0,,7,13,0.538,6,6,12,1,2,2,3,5,31,20.3
1,1,33.00,12,22,0.545,0,0,,9,17,0.529,1,9,10,1,0,5,2,2,33,24
1,0,41.00,19,29,0.655,0,0,,6,12,0.5,5,7,12,2,3,3,5,5,44,34
1,0,37.00,7,14,0.5,0,0,,4,7,0.571,5,8,13,1,0,1,5,3,18,10.9
0,0,37.00,12,22,0.545,0,0,,6,11,0.545,2,8,10,1,1,2,3,0,30,21.3
1,1,28.00,9,13,0.692,0,0,,1,4,0.25,3,8,11,1,0,3,2,3,19,16.4
0,0,34.00,8,16,0.5,0,0,,4,7,0.571,3,7,10,2,0,2,1,4,20,15.2
0,1,36.00,8,16,0.5,0,0,,5,12,0.417,2,10,12,3,1,3,4,2,21,15
0,1,41.00,11,22,0.5,0,0,,2,6,0.333,1,8,9,2,2,4,3,3,24,16.5
0,1,34.00,14,27,0.519,0,0,,7,11,0.636,2,5,7,3,0,0,1,3,35,22.9
0,0,38.00,6,16,0.375,0,0,,7,10,0.7,4,3,7,5,0,0,2,4,19,12.6
0,0,38.00,12,22,0.545,0,0,,4,9,0.444,4,11,15,3,3,1,5,5,28,20.3
1,1,33.00,8,12,0.667,0,0,,13,15,0.867,1,11,12,3,0,5,2,5,29,28.6
1,1,41.00,9,16,0.563,0,0,,5,10,0.5,2,4,6,3,1,2,2,4,23,16.9
1,1,40.00,12,19,0.632,0,0,,8,16,0.5,3,10,13,2,0,2,3,3,32,24
1,1,38.00,13,24,0.542,0,0,,7,14,0.5,5,1,6,0,0,4,4,2,33,20.4
0,1,33.00,16,20,0.8,0,0,,0,5,0,1,8,9,2,0,3,5,3,32,22.8
0,1,34.00,11,22,0.5,0,0,,2,5,0.4,1,10,11,1,2,4,4,5,24,15
0,0,45.00,10,23,0.435,0,0,,5,7,0.714,3,5,8,3,1,1,2,4,25,15.9
1,1,41.00,13,28,0.464,0,0,,7,11,0.636,8,14,22,0,0,0,3,3,33,22.6
1,1,42.00,10,14,0.714,0,0,,4,15,0.267,3,13,16,0,1,2,5,3,24,16
0,1,39.00,13,24,0.542,0,0,,7,11,0.636,6,7,13,1,0,1,5,4,33,20.9
0,1,35.00,10,16,0.625,0,0,,4,6,0.667,4,5,9,2,2,0,1,2,24,21.9
1,1,36.00,10,20,0.5,0,0,,5,10,0.5,5,9,14,4,1,5,3,2,25,22.7
0,0,33.00,10,17,0.588,0,0,,11,16,0.688,0,5,5,1,1,0,2,4,31,20.7
1,1,26.00,13,18,0.722,0,0,,7,12,0.583,2,11,13,0,0,3,6,2,33,23.6
0,1,39.00,6,10,0.6,0,0,,8,15,0.533,3,10,13,3,0,2,2,4,20,17.6
0,1,42.00,18,26,0.692,0,0,,14,20,0.7,3,6,9,2,1,1,5,4,50,37
0,1,40.00,11,23,0.478,0,0,,4,7,0.571,5,6,11,2,0,1,3,0,26,17.5
0,1,49.00,14,26,0.538,0,0,,7,10,0.7,5,7,12,3,1,1,2,5,35,26.6
1,1,38.00,13,18,0.722,0,0,,4,10,0.4,3,5,8,3,0,4,5,1,30,23.3
1,0,36.00,10,15,0.667,0,0,,4,9,0.444,2,5,7,3,0,3,4,5,24,16.6
0,1,38.00,11,23,0.478,0,0,,13,20,0.65,6,9,15,5,0,1,2,2,35,28.8
0,1,35.00,11,16,0.688,0,0,,6,13,0.462,2,14,16,3,0,1,1,3,28,24.6
0,1,31.00,15,22,0.682,0,0,,4,8,0.5,2,5,7,3,0,1,2,3,34,25.5
1,1,33.00,18,22,0.818,0,0,,7,13,0.538,1,4,5,0,0,4,2,1,43,34.7
1,1,40.00,10,21,0.476,0,0,,13,20,0.65,3,12,15,3,1,4,2,3,33,27.9
1,1,41.00,13,21,0.619,0,0,,4,7,0.571,4,10,14,6,2,0,6,2,30,24.5
1,0,41.00,12,27,0.444,0,0,,13,22,0.591,7,7,14,1,1,2,2,6,37,25
0,1,40.00,11,18,0.611,0,0,,4,8,0.5,4,9,13,1,0,2,4,1,26,19.4
0,1,37.00,12,20,0.6,0,0,,5,9,0.556,4,4,8,3,1,1,3,4,29,21.4
1,0,39.00,16,30,0.533,0,0,,4,7,0.571,8,9,17,2,1,0,2,4,36,27.3
1,1,26.00,8,15,0.533,0,0,,4,5,0.8,5,7,12,2,2,3,0,0,20,23.4
1,1,27.00,10,15,0.667,0,0,,4,6,0.667,3,9,12,2,1,2,2,1,24,22.9
1,1,40.00,11,17,0.647,0,0,,6,12,0.5,4,6,10,3,3,4,4,4,28,25
0,0,39.00,11,24,0.458,0,0,,5,9,0.556,2,8,10,2,0,1,4,4,27,13.3
0,0,33.00,12,19,0.632,0,0,,4,10,0.4,6,1,7,1,0,0,1,6,28,18.9
0,0,39.00,7,13,0.538,0,0,,12,18,0.667,3,7,10,7,2,6,2,5,26,28.6
0,1,32.00,7,11,0.636,0,0,,5,8,0.625,3,8,11,4,3,2,0,3,19,23.4
1,1,27.00,6,16,0.375,0,0,,7,11,0.636,3,3,6,1,0,2,2,3,19,10.5
1,1,34.00,7,10,0.7,0,0,,8,14,0.571,2,5,7,2,1,1,4,1,22,17
0,1,35.00,12,19,0.632,0,0,,1,5,0.2,2,7,9,3,2,1,3,3,25,19
1,1,40.00,10,19,0.526,0,0,,7,17,0.412,2,7,9,2,0,1,1,1,27,17.9
1,1,38.00,14,21,0.667,0,0,,3,6,0.5,3,8,11,7,0,1,3,2,31,27
0,1,34.00,10,16,0.625,0,0,,3,13,0.231,2,14,16,1,0,4,5,4,23,14.3
0,1,36.00,10,20,0.5,0,0,,11,16,0.688,4,8,12,2,0,5,6,6,31,20.7
1,1,34.00,12,23,0.522,0,0,,7,12,0.583,4,9,13,1,1,3,3,0,31,24
1,1,30.00,9,14,0.643,0,0,,2,4,0.5,4,13,17,3,0,3,1,2,20,22.1
0,0,39.00,13,24,0.542,0,0,,7,10,0.7,6,5,11,4,0,1,2,2,33,26.6
0,1,37.00,7,9,0.778,0,0,,10,18,0.556,2,6,8,4,0,1,3,3,24,19.8
0,0,41.00,16,25,0.64,0,0,,5,7,0.714,11,8,19,4,0,5,5,5,37,34.5
0,0,30.00,8,13,0.615,0,0,,7,12,0.583,3,1,4,2,1,0,5,6,23,12.5
0,1,42.00,14,19,0.737,0,0,,3,10,0.3,5,8,13,2,1,0,1,4,31,26.2
0,1,33.00,9,15,0.6,0,0,,7,12,0.583,4,5,9,3,0,1,2,2,25,20.4
1,0,31.00,9,20,0.45,0,0,,6,11,0.545,4,6,10,1,0,1,0,5,24,15.6
1,0,32.00,11,15,0.733,0,0,,2,4,0.5,2,3,5,3,0,2,6,3,24,15.7
1,1,39.00,8,16,0.5,0,0,,5,15,0.333,4,5,9,0,0,2,3,4,21,10.1
1,1,34.00,10,20,0.5,0,0,,6,7,0.857,0,1,1,3,3,4,2,3,26,20.6
0,1,34.00,8,14,0.571,0,0,,5,9,0.556,2,6,8,1,0,0,2,3,21,13.5
1,0,32.00,8,17,0.471,0,0,,5,13,0.385,5,6,11,0,0,1,2,4,21,11.5
1,1,21.00,10,15,0.667,0,0,,0,1,0,1,8,9,3,0,0,0,5,20,16.3
1,0,30.00,9,17,0.529,0,1,0,6,12,0.5,4,3,7,2,0,3,3,5,24,15.5
0,1,33.00,12,20,0.6,0,0,,6,11,0.545,9,9,18,0,1,0,2,3,30,25.6
1,1,38.00,11,19,0.579,0,0,,3,8,0.375,5,10,15,2,0,3,3,1,25,20.7
1,0,42.00,18,30,0.6,0,0,,2,8,0.25,4,4,8,2,3,1,1,2,38,29.1
0,0,33.00,9,16,0.563,0,0,,6,13,0.462,5,9,14,2,0,0,1,5,24,18.2
0,0,35.00,13,19,0.684,0,0,,3,7,0.429,6,8,14,0,1,4,2,5,29,25.7
1,1,36.00,15,25,0.6,0,0,,5,9,0.556,3,6,9,4,0,1,2,4,35,25.7
0,1,17.00,4,9,0.444,0,0,,2,4,0.5,2,2,4,0,1,1,3,2,10,4.4
0,0,42.00,10,19,0.526,0,0,,5,10,0.5,3,10,13,3,1,0,1,4,25,19.3
0,0,34.00,10,17,0.588,0,0,,6,8,0.75,3,9,12,1,0,1,3,4,26,18.9
0,0,36.00,9,14,0.643,0,0,,1,2,0.5,1,11,12,4,1,1,6,2,19,14.1
1,1,39.00,12,19,0.632,0,0,,14,17,0.824,3,9,12,2,2,3,1,0,38,37.6
0,1,40.00,12,24,0.5,0,0,,9,20,0.45,3,9,12,1,0,1,1,1,33,21.4
1,1,31.00,10,14,0.714,0,0,,6,10,0.6,5,6,11,0,1,0,0,4,26,23.3
1,1,32.00,5,13,0.385,0,0,,8,11,0.727,3,6,9,5,0,1,2,2,18,15
0,1,35.00,9,20,0.45,0,0,,5,11,0.455,5,8,13,1,1,2,2,4,23,15.6
1,1,34.00,13,22,0.591,0,0,,2,6,0.333,4,6,10,4,0,3,1,3,28,23.5
0,0,33.00,9,14,0.643,0,0,,3,11,0.273,4,6,10,0,0,2,2,0,21,15.6
1,1,37.00,10,14,0.714,0,0,,10,23,0.435,5,15,20,1,1,1,2,5,30,25.4
0,1,38.00,12,16,0.75,0,0,,3,14,0.214,4,6,10,2,0,3,7,5,27,15.3
0,1,15.00,3,6,0.5,0,0,,0,0,,2,5,7,1,0,1,1,1,6,5.9
1,1,38.00,11,23,0.478,0,0,,1,7,0.143,5,6,11,3,1,3,1,3,23,17.2
0,1,43.00,14,27,0.519,0,0,,6,14,0.429,4,14,18,4,0,8,1,4,34,30.3
0,0,43.00,17,27,0.63,0,0,,2,14,0.143,2,6,8,6,0,3,3,5,36,23.6
1,1,43.00,11,13,0.846,0,0,,19,31,0.613,7,10,17,1,1,7,2,4,41,42.4
1,0,45.00,15,25,0.6,0,0,,7,16,0.438,8,11,19,5,0,3,4,3,37,31.2
1,1,45.00,14,24,0.583,0,0,,11,20,0.55,6,12,18,4,1,3,2,2,39,35.1
1,1,41.00,14,24,0.583,0,0,,2,6,0.333,2,14,16,7,0,4,0,2,30,29.7
0,1,33.00,11,19,0.579,0,0,,5,9,0.556,2,8,10,3,1,4,0,3,27,25
1,1,36.00,12,21,0.571,0,0,,4,8,0.5,7,16,23,1,1,4,1,4,28,28.1
1,1,47.00,8,16,0.5,0,0,,5,14,0.357,6,10,16,6,0,2,3,2,21,18.4
1,1,39.00,11,16,0.688,0,0,,5,11,0.455,5,5,10,7,2,2,2,3,27,27.9
1,1,46.00,14,23,0.609,0,0,,2,6,0.333,2,14,16,1,2,7,1,3,30,28.9
0,0,39.00,11,19,0.579,0,0,,5,8,0.625,4,5,9,2,0,0,5,4,27,16
0,1,44.00,13,22,0.591,0,0,,4,9,0.444,3,7,10,4,2,3,3,4,30,24.3
1,1,40.00,10,18,0.556,0,0,,2,5,0.4,7,17,24,1,0,4,3,5,22,20.7
1,1,29.00,9,18,0.5,0,0,,3,5,0.6,6,13,19,1,1,3,0,1,21,22.7
0,1,28.00,4,15,0.267,0,0,,1,5,0.2,5,8,13,4,0,1,6,6,9,-0.5
0,1,46.00,10,19,0.526,0,0,,4,11,0.364,3,10,13,7,2,2,7,3,24,17.1
0,1,42.00,9,20,0.45,0,0,,6,13,0.462,3,12,15,3,0,5,2,3,24,18.9
0,1,46.00,13,20,0.65,0,0,,8,17,0.471,4,16,20,2,0,2,8,3,34,22.8
1,1,38.00,13,22,0.591,0,0,,6,12,0.5,3,8,11,2,0,5,2,5,32,24.8
1,1,40.00,14,26,0.538,0,0,,7,10,0.7,6,8,14,3,0,3,7,4,35,23.4
1,1,44.00,11,23,0.478,0,1,0,5,9,0.556,6,13,19,7,0,5,6,3,27,23
0,1,40.00,17,26,0.654,0,0,,4,9,0.444,6,9,15,2,0,3,1,3,38,32.8
1,1,35.00,17,24,0.708,0,0,,6,9,0.667,3,16,19,1,1,2,2,4,40,35.2
1,1,47.00,8,16,0.5,0,0,,7,15,0.467,4,12,16,4,0,4,3,4,23,19.2
0,1,40.00,10,16,0.625,0,0,,3,5,0.6,3,6,9,6,0,1,2,5,23,19.8
1,1,32.00,14,24,0.583,0,0,,3,5,0.6,6,13,19,9,1,5,3,1,31,34.5
0,1,43.00,10,20,0.5,0,0,,7,10,0.7,2,8,10,3,2,2,5,3,27,18.9
0,0,47.00,10,25,0.4,0,0,,2,3,0.667,8,6,14,4,1,4,1,3,22,19.9
0,1,43.00,11,20,0.55,0,0,,4,12,0.333,2,17,19,7,0,5,3,2,26,24.3
1,0,47.00,13,21,0.619,0,0,,4,10,0.4,4,6,10,6,1,3,4,3,30,24.8
1,1,42.00,11,19,0.579,0,0,,5,13,0.385,10,13,23,2,0,6,5,4,27,24.8
1,0,47.00,8,17,0.471,0,0,,1,4,0.25,5,11,16,7,0,6,1,2,17,21.2
0,0,55.00,16,31,0.516,0,0,,4,6,0.667,4,5,9,3,2,6,3,4,36,27.9
1,1,33.00,13,18,0.722,0,0,,4,5,0.8,1,7,8,4,0,4,1,1,30,29.2
0,0,41.00,12,27,0.444,0,0,,3,8,0.375,7,12,19,0,0,0,3,5,27,14.4
0,0,36.00,13,17,0.765,0,0,,5,8,0.625,2,5,7,1,0,5,4,5,31,24.2
1,1,29.00,8,11,0.727,0,0,,9,14,0.643,3,3,6,2,0,5,2,4,25,22.8
1,1,44.00,14,23,0.609,0,0,,7,15,0.467,4,9,13,8,1,1,4,4,35,28.5
1,1,35.00,11,16,0.688,0,0,,15,20,0.75,4,12,16,3,0,4,3,2,37,35.7
0,1,47.00,9,16,0.563,0,0,,11,12,0.917,5,15,20,1,0,2,2,2,29,28.3
0,1,43.00,6,17,0.353,0,0,,6,9,0.667,5,9,14,5,0,1,1,2,18,15.9
0,1,47.00,15,22,0.682,0,0,,9,13,0.692,4,12,16,5,1,3,4,2,39,36.2
0,1,45.00,9,22,0.409,0,0,,4,8,0.5,4,12,16,9,0,4,3,3,22,19.9
0,1,43.00,15,26,0.577,0,0,,5,12,0.417,4,9,13,4,0,3,2,4,35,26.8
0,1,32.00,8,15,0.533,0,0,,3,5,0.6,2,6,8,7,1,4,2,5,19,18.8
1,1,36.00,13,20,0.65,0,0,,2,8,0.25,2,13,15,6,0,4,2,4,28,25.5
1,1,36.00,11,20,0.55,0,0,,2,6,0.333,2,11,13,8,1,5,2,1,24,25.2
0,1,46.00,7,17,0.412,0,0,,9,13,0.692,3,7,10,1,1,3,3,3,23,16.1
1,1,39.00,11,17,0.647,0,0,,3,6,0.5,4,13,17,5,1,5,4,6,25,24.6
1,1,36.00,13,28,0.464,0,0,,5,8,0.625,3,12,15,3,0,2,1,1,31,23.2
1,1,36.00,5,17,0.294,0,0,,7,12,0.583,4,7,11,7,0,2,4,5,17,10.3
0,1,45.00,24,35,0.686,0,0,,13,22,0.591,7,16,23,3,0,0,4,2,61,49.5
0,1,35.00,12,18,0.667,0,0,,5,7,0.714,2,11,13,1,0,0,2,4,29,22.2
1,1,46.00,18,32,0.563,0,0,,3,7,0.429,6,14,20,5,0,3,4,2,39,31.4
0,1,44.00,14,20,0.7,0,0,,12,16,0.75,3,6,9,7,0,1,4,3,40,34.3
0,0,38.00,15,25,0.6,0,0,,10,16,0.625,7,5,12,2,0,2,3,5,40,30.3
0,1,36.00,15,24,0.625,0,0,,5,7,0.714,3,8,11,3,1,2,1,0,35,31.4
0,1,46.00,18,31,0.581,0,0,,7,13,0.538,4,6,10,3,0,0,2,4,43,29.2
0,1,40.00,12,22,0.545,0,0,,4,6,0.667,5,7,12,3,1,4,3,5,28,23.1
1,1,23.00,10,14,0.714,0,0,,2,7,0.286,2,2,4,1,0,0,1,3,22,14.7
1,1,43.00,15,29,0.517,0,0,,10,13,0.769,6,8,14,5,3,0,1,3,40,35.4
0,1,45.00,15,26,0.577,0,0,,4,8,0.5,3,5,8,3,0,3,2,3,34,24.8
0,1,37.00,8,10,0.8,0,0,,3,7,0.429,1,3,4,8,0,2,2,1,19,19.8
1,1,42.00,17,28,0.607,0,0,,3,3,1,3,11,14,5,0,8,3,4,37,34.1
1,1,41.00,14,28,0.5,0,0,,6,9,0.667,3,9,12,4,0,5,3,2,34,26.1
0,1,43.00,13,22,0.591,0,0,,6,9,0.667,4,3,7,2,0,1,3,5,32,21.4
0,1,44.00,19,27,0.704,0,0,,11,16,0.688,2,11,13,1,0,3,2,3,49,40
1,1,45.00,16,29,0.552,0,0,,9,15,0.6,7,9,16,2,0,0,8,5,41,23.7
1,1,46.00,14,24,0.583,0,0,,5,8,0.625,3,11,14,8,1,2,3,1,33,30.6
0,0,43.00,15,25,0.6,0,0,,8,19,0.421,12,8,20,3,0,2,5,3,38,30.2
0,0,32.00,9,16,0.563,0,0,,4,8,0.5,3,4,7,4,0,2,3,3,22,16.1
0,1,44.00,14,20,0.7,0,0,,8,16,0.5,3,8,11,5,1,4,1,1,36,34.8
1,0,43.00,14,20,0.7,0,0,,6,18,0.333,5,10,15,1,2,0,4,6,34,23.6
0,1,41.00,12,20,0.6,0,1,0,3,14,0.214,3,12,15,5,1,3,1,1,27,24.3
1,1,42.00,15,31,0.484,0,0,,9,18,0.5,4,10,14,4,0,5,0,5,39,29.8
0,0,45.00,8,19,0.421,0,0,,8,14,0.571,1,6,7,5,0,3,4,3,24,14.4
0,0,44.00,5,13,0.385,0,0,,3,10,0.3,4,13,17,4,0,1,3,4,13,8.7
1,1,32.00,6,14,0.429,0,0,,2,5,0.4,2,3,5,3,0,6,5,6,14,6.6
1,1,38.00,16,21,0.762,0,0,,2,4,0.5,8,11,19,2,1,2,3,2,34,33.8
0,1,49.00,16,22,0.727,0,0,,1,8,0.125,5,11,16,4,1,4,5,4,33,28
1,1,38.00,4,11,0.364,0,0,,6,14,0.429,5,4,9,5,0,1,3,3,14,9.4
1,1,31.00,7,11,0.636,0,0,,1,4,0.25,2,12,14,6,0,6,1,0,15,21.3
1,1,38.00,12,18,0.667,0,0,,4,8,0.5,5,11,16,5,0,4,3,3,28,27.5
0,1,39.00,7,15,0.467,0,0,,2,6,0.333,1,5,6,1,1,6,5,4,16,8.2
1,1,33.00,12,25,0.48,0,0,,3,8,0.375,6,8,14,6,0,6,1,2,27,25.5
0,0,36.00,9,18,0.5,0,0,,5,10,0.5,4,3,7,4,0,3,3,4,23,16
1,1,45.00,15,23,0.652,0,0,,6,14,0.429,6,10,16,2,0,3,2,4,36,29.8
1,1,38.00,10,19,0.526,0,0,,5,19,0.263,7,7,14,3,0,1,2,5,25,15.9
1,1,44.00,11,28,0.393,0,0,,5,6,0.833,5,15,20,6,0,7,4,3,27,23.3
0,0,40.00,11,18,0.611,0,0,,3,6,0.5,1,9,10,2,0,6,3,5,25,19.6
1,0,38.00,13,24,0.542,0,0,,0,11,0,8,9,17,5,0,5,1,3,26,23.1
1,1,33.00,12,18,0.667,0,0,,2,5,0.4,2,10,12,3,0,2,2,1,26,22.5
1,0,40.00,11,21,0.524,0,0,,4,10,0.4,6,11,17,6,0,2,4,4,26,20.8
0,0,44.00,7,21,0.333,0,0,,5,12,0.417,7,6,13,4,2,1,4,3,19,11.3
0,1,39.00,12,17,0.706,0,0,,4,11,0.364,1,7,8,0,0,3,3,4,28,18.4
0,1,43.00,10,21,0.476,0,0,,2,11,0.182,5,9,14,4,0,4,2,2,22,16.7
0,1,43.00,9,17,0.529,0,0,,7,22,0.318,5,7,12,6,1,1,2,4,25,18.6
0,1,41.00,9,14,0.643,0,0,,10,20,0.5,1,8,9,2,2,0,4,5,28,18.3
1,0,42.00,13,20,0.65,0,0,,6,14,0.429,5,10,15,2,0,0,4,2,32,23.1
0,1,35.00,7,14,0.5,0,0,,4,9,0.444,1,10,11,4,1,3,3,2,18,14.8
0,1,44.00,11,16,0.688,0,0,,7,18,0.389,6,9,15,5,1,4,2,6,29,27.6
1,1,40.00,9,21,0.429,0,0,,6,14,0.429,2,15,17,1,1,5,3,6,24,15.4
1,0,38.00,12,18,0.667,0,0,,9,20,0.45,4,2,6,5,3,0,4,6,33,24.3
1,1,43.00,13,19,0.684,0,0,,8,16,0.5,5,18,23,4,1,2,3,4,34,32.2
0,0,43.00,9,15,0.6,0,0,,12,20,0.6,5,7,12,5,0,2,6,3,30,23.2
1,1,47.00,13,22,0.591,0,0,,5,13,0.385,2,13,15,5,3,2,2,5,31,26.8
1,1,31.00,17,23,0.739,0,0,,7,18,0.389,4,7,11,2,0,1,0,2,41,33.5
1,0,42.00,12,22,0.545,0,0,,7,16,0.438,4,4,8,3,0,0,2,1,31,20.5
0,0,41.00,12,21,0.571,0,0,,5,12,0.417,5,4,9,4,0,4,4,3,29,21.4
1,1,38.00,9,12,0.75,0,0,,8,12,0.667,2,7,9,8,1,3,3,5,26,26.8
0,1,43.00,10,18,0.556,0,0,,12,24,0.5,4,10,14,6,0,5,2,4,32,28.5
0,0,36.00,13,20,0.65,0,0,,3,6,0.5,3,8,11,0,0,2,2,3,29,21.7
0,1,41.00,14,23,0.609,0,0,,10,17,0.588,4,8,12,4,1,5,2,4,38,33.6
0,0,43.00,13,25,0.52,0,0,,9,15,0.6,6,9,15,7,1,2,1,3,35,32.3
0,1,35.00,9,17,0.529,0,0,,11,15,0.733,4,7,11,2,1,2,1,4,29,25.2
0,1,39.00,9,17,0.529,0,0,,4,5,0.8,2,8,10,7,0,2,6,4,22,15.8
1,1,37.00,13,21,0.619,0,0,,4,9,0.444,1,7,8,8,0,1,3,1,30,24.2
1,1,42.00,14,20,0.7,0,0,,9,21,0.429,5,14,19,6,3,5,4,2,37,37.4
0,0,40.00,8,15,0.533,0,0,,7,15,0.467,2,9,11,4,1,3,0,3,23,21.3
0,1,38.00,13,19,0.684,0,0,,8,12,0.667,4,9,13,2,0,2,1,5,34,29.6
1,1,31.00,10,17,0.588,0,0,,6,7,0.857,7,8,15,2,2,2,3,3,26,25.6
0,1,43.00,10,16,0.625,0,0,,6,11,0.545,4,13,17,5,0,4,3,3,26,25.6
1,1,31.00,11,19,0.579,0,0,,3,6,0.5,3,7,10,3,0,3,6,4,25,15.7
1,0,49.00,12,23,0.522,0,0,,9,18,0.5,7,9,16,0,0,3,3,4,33,23.2
1,0,33.00,11,19,0.579,0,0,,7,10,0.7,1,6,7,2,0,1,6,6,29,15.1
1,1,45.00,9,16,0.563,0,0,,10,14,0.714,5,6,11,1,0,2,4,1,28,21.8
0,1,45.00,10,16,0.625,0,0,,6,15,0.4,4,6,10,2,0,1,1,4,26,19.3
0,1,31.00,9,16,0.563,0,0,,0,3,0,1,7,8,3,1,5,0,2,18,17.8
0,1,41.00,12,21,0.571,0,0,,9,18,0.5,5,12,17,6,1,1,3,3,33,28.3
0,0,43.00,9,19,0.474,0,0,,9,12,0.75,4,9,13,5,0,3,1,3,27,25
0,0,43.00,12,21,0.571,0,0,,12,15,0.8,7,6,13,2,0,1,5,5,36,26.7
1,1,38.00,15,25,0.6,0,0,,10,13,0.769,6,11,17,8,3,5,3,3,40,42.7
0,1,35.00,8,21,0.381,0,0,,7,15,0.467,3,12,15,1,2,3,3,4,23,14.2
0,0,41.00,7,15,0.467,0,0,,13,18,0.722,6,6,12,3,0,0,6,4,27,17.8
1,0,35.00,13,25,0.52,0,0,,7,9,0.778,4,7,11,2,0,4,4,2,33,24.2
1,1,40.00,11,19,0.579,0,0,,13,17,0.765,3,10,13,4,1,2,5,4,35,28.2
1,0,38.00,8,13,0.615,0,0,,15,22,0.682,3,8,11,3,2,1,2,4,31,28
0,1,32.00,13,24,0.542,0,0,,5,11,0.455,6,5,11,1,1,4,4,5,31,21.2
0,1,39.00,13,17,0.765,0,0,,13,22,0.591,1,9,10,5,0,2,1,4,39,34.4
0,1,42.00,12,18,0.667,0,0,,15,23,0.652,5,9,14,1,1,2,7,3,39,29.1
0,1,41.00,13,24,0.542,0,0,,8,12,0.667,3,8,11,6,0,4,4,4,34,26.7
1,1,34.00,13,20,0.65,0,0,,6,10,0.6,2,11,13,2,1,0,4,2,32,23.9
1,1,38.00,11,21,0.524,0,0,,9,17,0.529,1,11,12,6,1,2,2,4,31,24.5
1,1,43.00,11,21,0.524,0,0,,11,16,0.688,4,14,18,4,0,2,3,4,33,27.3
1,1,34.00,10,19,0.526,0,1,0,13,13,1,4,9,13,3,1,3,2,2,33,31.6
1,1,40.00,10,23,0.435,0,0,,9,16,0.563,5,13,18,5,1,5,3,3,29,25.3
0,1,38.00,11,22,0.5,0,0,,9,14,0.643,3,3,6,2,1,3,3,6,31,20.1
1,1,34.00,10,21,0.476,0,0,,16,18,0.889,4,9,13,2,0,6,2,3,36,32.4
1,1,41.00,10,15,0.667,0,0,,10,18,0.556,2,6,8,4,2,2,6,5,30,21.7
1,1,28.00,8,15,0.533,0,0,,4,6,0.667,3,5,8,1,0,2,1,1,20,16.2
1,1,42.00,16,30,0.533,0,0,,6,14,0.429,7,11,18,2,1,4,4,3,38,28.4
0,1,43.00,13,24,0.542,0,0,,4,7,0.571,4,9,13,2,1,2,1,3,30,24.3
0,0,36.00,10,19,0.526,0,1,0,8,18,0.444,6,6,12,2,1,1,4,5,28,17.8
1,1,43.00,12,21,0.571,0,0,,4,9,0.444,8,7,15,3,2,2,2,2,28,26.5
0,1,35.00,10,17,0.588,0,0,,2,6,0.333,5,6,11,4,0,3,4,5,22,16.7
0,1,34.00,4,11,0.364,0,0,,2,9,0.222,6,7,13,6,2,0,1,0,10,12.6
1,1,26.00,9,15,0.6,0,0,,2,4,0.5,1,9,10,1,0,2,3,3,20,13.6
1,1,36.00,9,14,0.643,0,0,,4,13,0.308,3,3,6,5,0,6,3,0,22,19.9
1,1,33.00,7,14,0.5,0,0,,5,11,0.455,4,5,9,5,0,3,3,4,19,14.9
0,1,10.00,3,5,0.6,0,0,,2,6,0.333,1,2,3,2,0,0,1,0,8,5.8
1,1,32.00,9,14,0.643,0,0,,5,7,0.714,1,8,9,5,1,2,1,3,23,22.8
1,1,40.00,18,23,0.783,0,0,,10,22,0.455,6,9,15,2,1,1,3,4,46,37.7
0,0,43.00,14,23,0.609,0,0,,3,11,0.273,3,13,16,5,2,2,3,2,31,26.4
1,0,42.00,18,27,0.667,0,0,,1,7,0.143,7,9,16,3,0,6,2,2,37,34
1,1,35.00,12,22,0.545,0,0,,4,7,0.571,5,10,15,4,2,1,3,3,28,24
1,1,40.00,9,17,0.529,0,0,,2,4,0.5,1,6,7,6,0,2,2,3,20,15.8
0,1,39.00,6,16,0.375,0,0,,4,8,0.5,2,12,14,4,1,4,4,3,16,12
0,0,41.00,11,25,0.44,0,0,,4,7,0.571,5,4,9,5,0,1,1,4,26,18
1,1,28.00,11,15,0.733,0,0,,2,3,0.667,3,6,9,5,0,1,1,4,24,23
0,1,38.00,10,21,0.476,0,0,,4,7,0.571,0,6,6,4,2,2,1,0,24,19.1
0,1,25.00,11,17,0.647,0,0,,6,10,0.6,5,5,10,3,1,1,3,4,28,23.1
0,1,24.00,8,12,0.667,0,0,,4,9,0.444,0,4,4,1,0,5,2,4,20,14.6
0,0,37.00,12,23,0.522,0,0,,5,11,0.455,2,5,7,1,1,2,3,2,29,17.5
0,0,33.00,5,14,0.357,0,0,,9,18,0.5,3,7,10,1,0,3,4,5,19,8.6
1,0,39.00,17,22,0.773,0,0,,6,9,0.667,5,6,11,5,1,2,1,1,40,40
0,0,40.00,7,16,0.438,0,0,,10,16,0.625,2,8,10,3,0,3,4,4,24,15.6
1,1,42.00,11,21,0.524,0,0,,3,6,0.5,5,10,15,4,1,0,6,2,25,17
0,0,40.00,11,22,0.5,0,0,,4,9,0.444,4,7,11,2,0,1,0,5,26,18
0,1,26.00,10,13,0.769,0,0,,3,4,0.75,1,5,6,1,1,2,3,1,23,19.4
0,1,36.00,13,19,0.684,0,0,,4,8,0.5,4,10,14,4,0,1,2,3,30,26.4
0,1,36.00,12,18,0.667,0,0,,2,2,1,3,7,10,2,0,3,3,3,26,21.7
0,1,39.00,12,20,0.6,0,0,,7,9,0.778,5,8,13,3,0,1,2,3,31,26.5
1,0,39.00,9,10,0.9,0,0,,7,9,0.778,4,13,17,1,1,1,3,1,25,26.5
0,1,37.00,13,25,0.52,0,0,,5,6,0.833,1,3,4,2,0,2,2,3,31,19.5
0,1,39.00,12,18,0.667,0,0,,7,13,0.538,3,4,7,2,1,0,1,3,31,24.3
0,1,38.00,12,22,0.545,0,0,,6,10,0.6,5,10,15,5,0,0,3,2,30,24
0,1,40.00,9,18,0.5,0,0,,10,17,0.588,5,8,13,4,0,1,0,4,28,24
0,0,35.00,8,19,0.421,0,0,,11,15,0.733,2,6,8,3,0,4,2,3,27,20.2
1,1,41.00,14,21,0.667,0,0,,5,9,0.556,0,12,12,2,1,6,3,3,33,28.3
1,1,34.00,15,21,0.714,0,0,,6,11,0.545,7,7,14,7,0,2,3,2,36,34.8
1,1,38.00,16,21,0.762,0,0,,8,20,0.4,3,9,12,4,1,1,4,4,40,30.6
0,0,42.00,13,21,0.619,0,0,,2,9,0.222,4,8,12,1,1,3,3,3,28,20.5
1,1,41.00,15,21,0.714,0,0,,10,19,0.526,4,4,8,3,1,3,2,0,40,34.9
1,1,26.00,3,9,0.333,0,0,,3,4,0.75,5,5,10,2,0,1,1,4,9,8
0,1,43.00,13,20,0.65,0,0,,14,28,0.5,4,9,13,0,1,2,6,5,40,25.5
1,1,37.00,5,13,0.385,0,0,,6,11,0.545,3,10,13,1,0,2,2,3,16,10.9
1,1,42.00,13,18,0.722,0,0,,2,6,0.333,4,5,9,4,0,1,2,3,28,23.6
0,0,38.00,13,23,0.565,0,0,,6,9,0.667,5,5,10,2,0,0,5,4,32,19.7
0,0,30.00,2,10,0.2,0,0,,13,19,0.684,2,8,10,0,0,4,2,2,17,12.2
1,1,38.00,11,18,0.611,0,0,,6,12,0.5,1,6,7,4,2,0,5,4,28,18.1
0,1,36.00,8,9,0.889,0,0,,5,6,0.833,1,6,7,6,0,0,4,6,21,17.8
1,1,25.00,8,9,0.889,0,0,,3,7,0.429,1,7,8,2,0,0,1,2,19,16.7
0,0,40.00,10,21,0.476,0,0,,4,15,0.267,4,7,11,2,0,3,1,4,24,14.7
1,1,39.00,13,19,0.684,0,0,,8,13,0.615,6,8,14,2,1,1,3,2,34,29.8
1,1,42.00,8,19,0.421,0,0,,8,9,0.889,3,6,9,1,1,5,3,5,24,17.6
0,1,31.00,7,18,0.389,0,0,,8,12,0.667,6,12,18,4,0,3,2,1,22,20.9
0,1,41.00,14,22,0.636,0,0,,12,19,0.632,3,8,11,2,0,2,2,4,40,31.1
1,1,25.00,8,14,0.571,0,0,,6,7,0.857,1,2,3,2,1,2,1,3,22,17.9
1,1,39.00,13,19,0.684,0,0,,6,10,0.6,2,7,9,3,1,1,4,4,32,24
0,0,49.00,13,26,0.5,0,0,,10,13,0.769,5,6,11,3,0,0,3,2,36,25.4
1,1,34.00,16,21,0.762,0,0,,9,11,0.818,2,9,11,4,0,0,3,3,41,34.6
1,1,29.00,9,18,0.5,0,0,,3,5,0.6,5,4,9,3,3,0,0,2,21,20.2
1,1,21.00,8,13,0.615,0,0,,1,2,0.5,2,5,7,0,1,0,3,1,17,11.2
1,1,28.00,10,18,0.556,0,0,,4,10,0.4,4,7,11,4,2,1,1,3,24,21.2
0,0,32.00,5,15,0.333,0,0,,5,9,0.556,1,7,8,0,0,1,2,2,15,5.6
0,0,36.00,11,20,0.55,0,0,,6,10,0.6,2,7,9,2,1,3,4,5,28,18.8
0,1,43.00,13,27,0.481,0,0,,7,8,0.875,6,7,13,3,3,1,4,6,33,24.6
1,0,37.00,11,19,0.579,0,0,,9,13,0.692,4,9,13,3,2,2,3,5,31,26.5
1,1,39.00,10,21,0.476,0,0,,8,12,0.667,2,7,9,3,0,7,3,4,28,21.6
0,0,38.00,8,23,0.348,0,0,,7,10,0.7,8,7,15,1,0,1,1,2,23,16.2
1,1,40.00,8,12,0.667,0,0,,10,18,0.556,3,8,11,2,1,3,4,5,26,20.6
1,1,41.00,13,19,0.684,0,0,,6,10,0.6,4,7,11,3,3,3,6,4,32,26.8
0,0,39.00,12,17,0.706,0,0,,12,18,0.667,4,5,9,2,1,3,0,2,36,34.5
1,0,39.00,11,17,0.647,0,0,,6,10,0.6,1,9,10,2,0,2,4,5,28,19.1
1,1,36.00,12,17,0.706,0,0,,6,9,0.667,3,11,14,0,0,2,3,3,30,24.3
0,0,37.00,7,11,0.636,0,0,,3,6,0.5,4,5,9,4,0,0,2,4,17,14.4
0,0,37.00,7,13,0.538,0,0,,5,8,0.625,2,2,4,2,1,1,1,3,19,14.4
0,0,40.00,9,18,0.5,0,0,,8,19,0.421,2,12,14,4,2,2,7,6,26,14.4
0,1,46.00,12,16,0.75,0,0,,7,18,0.389,3,12,15,6,1,1,2,5,31,27.8
1,0,41.00,8,19,0.421,0,0,,11,16,0.688,8,9,17,5,0,3,2,1,27,26.4
0,1,34.00,10,15,0.667,0,0,,2,2,1,0,13,13,4,0,3,2,3,22,21.1
1,1,35.00,14,18,0.778,0,0,,7,10,0.7,4,6,10,3,0,3,4,4,35,30
0,0,37.00,11,18,0.611,0,0,,3,5,0.6,4,5,9,1,0,4,4,4,25,18.2
1,1,42.00,15,19,0.789,0,0,,6,13,0.462,8,8,16,3,0,4,4,2,36,34
1,1,36.00,6,12,0.5,0,0,,8,12,0.667,3,2,5,7,0,2,3,2,20,17.6
1,1,31.00,9,18,0.5,0,0,,8,10,0.8,3,4,7,6,1,3,4,2,26,22
1,1,34.00,5,13,0.385,0,0,,5,7,0.714,2,2,4,5,1,0,0,4,15,12
0,1,41.00,9,24,0.375,0,0,,5,11,0.455,3,8,11,2,0,1,2,4,23,10.4
0,0,47.00,13,26,0.5,0,0,,5,6,0.833,4,9,13,4,0,0,2,4,31,22.3
1,1,40.00,12,24,0.5,0,0,,8,10,0.8,6,9,15,4,0,3,7,4,32,22.4
1,0,37.00,13,20,0.65,0,0,,2,5,0.4,4,5,9,4,0,2,3,6,28,21.1
1,0,43.00,11,22,0.5,0,0,,5,13,0.385,6,7,13,4,0,0,2,3,27,18.7
0,1,40.00,11,17,0.647,0,0,,3,7,0.429,4,8,12,6,1,3,1,5,25,25.4
0,1,41.00,12,22,0.545,0,0,,12,13,0.923,3,7,10,6,0,2,1,1,36,33.4
1,1,37.00,10,17,0.588,0,0,,1,6,0.167,2,11,13,3,0,3,4,4,21,14.4
0,1,40.00,7,11,0.636,0,0,,5,8,0.625,2,10,12,4,0,7,6,5,19,17
0,1,39.00,11,19,0.579,0,0,,11,15,0.733,2,5,7,7,0,2,2,0,33,29.7
1,1,31.00,8,14,0.571,0,0,,4,4,1,4,4,8,5,1,3,3,0,20,21
0,1,30.00,3,6,0.5,0,0,,12,17,0.706,1,9,10,3,0,2,2,4,18,16.3
1,0,40.00,9,19,0.474,0,0,,3,8,0.375,3,2,5,2,1,6,0,6,21,16.2
1,1,44.00,8,15,0.533,0,0,,8,15,0.533,6,6,12,3,1,1,5,4,24,17.1
1,1,38.00,9,16,0.563,0,0,,9,12,0.75,4,13,17,4,0,1,2,3,27,25.2
1,1,36.00,13,21,0.619,0,0,,7,9,0.778,2,6,8,0,0,3,1,4,33,25.4
1,1,41.00,14,24,0.583,0,0,,7,8,0.875,5,9,14,3,0,2,5,3,35,26.9
0,0,38.00,7,13,0.538,0,0,,4,6,0.667,3,8,11,2,0,1,3,3,18,13.3
1,1,35.00,9,12,0.75,0,0,,8,12,0.667,5,6,11,2,0,5,3,5,26,24.8
1,1,41.00,16,25,0.64,0,0,,8,14,0.571,5,9,14,4,1,5,1,4,40,37.4
1,1,39.00,14,24,0.583,0,0,,11,19,0.579,2,8,10,3,0,2,4,4,39,26.3
0,0,37.00,3,11,0.273,0,0,,7,10,0.7,3,7,10,2,2,3,0,3,13,13.8
0,0,36.00,10,18,0.556,0,0,,4,6,0.667,6,7,13,2,1,0,7,3,24,15.1
0,1,38.00,10,19,0.526,0,0,,6,13,0.462,7,8,15,6,1,5,0,4,26,28.3
0,1,39.00,9,23,0.391,0,0,,6,14,0.429,3,8,11,5,1,3,7,1,24,12
0,1,41.00,15,24,0.625,0,0,,12,15,0.8,1,6,7,5,0,2,2,3,42,34.2
0,0,39.00,9,18,0.5,0,0,,10,12,0.833,7,6,13,2,2,3,5,3,28,24.2
1,1,39.00,19,24,0.792,0,0,,10,19,0.526,6,14,20,1,1,1,3,3,48,41.8
0,0,40.00,12,23,0.522,0,0,,8,11,0.727,3,9,12,1,0,6,2,5,32,25.2
0,1,32.00,11,19,0.579,0,0,,9,13,0.692,2,4,6,2,0,1,0,2,31,24.4
0,1,44.00,16,26,0.615,0,0,,7,8,0.875,4,1,5,2,1,3,3,3,39,30.2
1,1,38.00,9,20,0.45,0,0,,8,12,0.667,3,10,13,2,0,2,5,5,26,14.9
0,0,32.00,11,12,0.917,0,0,,12,17,0.706,1,4,5,0,1,1,3,3,34,27.4
1,1,38.00,15,22,0.682,0,0,,4,6,0.667,5,6,11,3,0,4,3,2,34,30.2
0,1,40.00,11,19,0.579,0,0,,9,12,0.75,7,10,17,1,0,3,5,2,31,25.8
0,1,40.00,13,20,0.65,0,0,,7,13,0.538,14,5,19,3,0,2,4,4,33,31
1,1,45.00,8,12,0.667,0,0,,6,7,0.857,3,10,13,7,1,6,6,4,22,24
1,1,33.00,6,14,0.429,0,0,,2,6,0.333,5,5,10,1,0,1,1,3,14,9.2
1,1,43.00,14,23,0.609,0,0,,4,6,0.667,7,9,16,2,1,1,5,3,32,25.2
0,0,44.00,13,21,0.619,0,0,,10,19,0.526,2,9,11,2,0,1,1,3,36,26.9
1,1,24.00,7,8,0.875,0,0,,5,11,0.455,2,3,5,2,0,0,2,3,19,14.3
0,1,36.00,10,16,0.625,0,0,,7,12,0.583,5,7,12,5,1,2,0,4,27,27.7
1,1,32.00,8,15,0.533,0,0,,0,4,0,2,7,9,5,0,1,3,4,16,10.2
0,1,39.00,11,19,0.579,0,0,,2,5,0.4,5,7,12,3,1,4,4,5,24,19.4
1,1,40.00,8,19,0.421,0,0,,1,3,0.333,4,10,14,2,0,3,4,1,17,11
0,1,39.00,9,15,0.6,0,0,,5,13,0.385,4,10,14,1,0,3,1,3,23,19.3
0,1,50.00,12,23,0.522,0,0,,11,16,0.688,9,11,20,6,0,4,4,3,35,33.1
0,0,30.00,8,11,0.727,0,0,,5,8,0.625,0,6,6,0,0,0,1,3,21,14.9
0,0,41.00,8,14,0.571,0,0,,4,8,0.5,1,11,12,2,2,3,3,4,20,16.7
1,1,40.00,9,12,0.75,0,0,,5,15,0.333,2,12,14,0,0,2,2,2,23,17.8
1,1,42.00,7,17,0.412,0,0,,7,11,0.636,5,10,15,8,0,3,5,2,21,18.7
1,1,24.00,6,8,0.75,0,0,,2,8,0.25,1,5,6,1,1,1,4,5,14,7
0,0,31.00,8,16,0.5,0,0,,4,6,0.667,2,8,10,5,0,0,4,5,20,12.5
0,1,31.00,6,15,0.4,0,0,,11,16,0.688,2,4,6,2,1,1,2,2,23,15.8
1,1,25.00,7,11,0.636,0,0,,1,2,0.5,3,4,7,2,0,3,0,1,15,16.1
1,1,25.00,2,6,0.333,0,0,,3,9,0.333,2,6,8,2,0,2,3,3,7,3
1,1,23.00,8,13,0.615,0,0,,7,12,0.583,2,3,5,1,0,4,1,3,23,18.7
0,1,39.00,5,12,0.417,0,0,,5,8,0.625,2,14,16,0,1,9,5,4,15,13.7
0,1,38.00,8,14,0.571,0,0,,9,14,0.643,3,16,19,5,0,3,4,3,25,23.7
1,1,41.00,7,13,0.538,0,0,,5,9,0.556,2,13,15,8,1,2,3,4,19,19.8
1,1,39.00,5,15,0.333,0,0,,8,15,0.533,6,9,15,3,0,4,2,3,18,15.3
1,0,34.00,7,7,1,0,0,,11,24,0.458,7,7,14,1,0,2,5,5,25,19.8
0,0,41.00,10,16,0.625,0,0,,2,3,0.667,2,8,10,4,0,0,1,3,22,18.8
1,1,36.00,8,11,0.727,0,0,,10,17,0.588,2,9,11,6,0,4,2,3,26,26.6
1,1,36.00,5,10,0.5,0,0,,8,14,0.571,6,12,18,4,1,1,5,4,18,16.3
0,0,39.00,9,15,0.6,0,0,,3,10,0.3,2,3,5,4,1,2,3,2,21,15
1,0,41.00,5,12,0.417,0,0,,12,18,0.667,5,5,10,2,0,3,2,3,22,18.5
1,1,35.00,6,10,0.6,0,0,,10,20,0.5,10,6,16,3,1,2,3,2,22,22.9
0,0,14.00,2,2,1,0,0,,2,4,0.5,0,5,5,3,0,0,4,1,6,3.8
1,1,18.00,1,4,0.25,0,0,,5,9,0.556,1,4,5,0,0,1,0,1,7,5.2
1,0,37.00,8,14,0.571,0,0,,6,11,0.545,3,6,9,3,0,1,2,2,22,17.3
0,1,39.00,13,20,0.65,0,0,,10,15,0.667,2,6,8,5,1,1,6,3,36,26.4
0,1,48.00,14,21,0.667,0,0,,9,20,0.45,3,9,12,6,0,2,1,2,37,32.1
0,0,31.00,7,14,0.5,0,0,,3,15,0.2,4,4,8,1,0,1,0,2,17,9.8
0,1,35.00,8,11,0.727,0,0,,4,10,0.4,4,6,10,5,0,1,3,1,20,18.5
0,1,33.00,12,18,0.667,0,0,,1,5,0.2,3,7,10,1,1,2,2,3,25,19.7
0,0,41.00,5,12,0.417,0,0,,14,19,0.737,3,6,9,4,1,4,3,6,24,20.7
1,1,40.00,9,13,0.692,0,0,,3,7,0.429,3,8,11,1,0,1,4,3,21,14.6
0,1,40.00,15,23,0.652,0,0,,1,9,0.111,6,10,16,7,1,5,7,5,31,25.3
1,1,32.00,12,18,0.667,0,0,,5,14,0.357,7,6,13,3,1,1,3,2,29,24.3
0,1,34.00,8,12,0.667,0,0,,3,4,0.75,1,4,5,1,2,4,4,5,19,14.8
0,1,37.00,5,10,0.5,0,0,,6,9,0.667,3,5,8,4,2,4,4,4,16,15.4
1,0,41.00,9,12,0.75,0,0,,6,13,0.462,4,6,10,3,0,2,2,3,24,21.3
0,1,34.00,13,17,0.765,0,0,,3,5,0.6,0,2,2,2,1,4,3,4,29,22.7
0,1,31.00,8,15,0.533,0,0,,3,5,0.6,5,9,14,2,0,0,2,3,19,15.3
0,0,37.00,11,20,0.55,0,0,,1,4,0.25,7,7,14,2,0,2,4,1,23,17.6
0,1,39.00,13,18,0.722,0,0,,2,13,0.154,3,4,7,1,1,5,2,5,28,20.7
1,1,39.00,10,16,0.625,0,0,,12,18,0.667,4,4,8,6,0,4,3,3,32,29.2
1,1,40.00,11,19,0.579,0,0,,10,14,0.714,6,3,9,2,0,0,2,4,32,24.4
0,0,28.00,5,12,0.417,0,0,,6,11,0.545,5,5,10,4,0,2,4,4,16,11.2
0,1,38.00,11,15,0.733,0,0,,6,13,0.462,5,12,17,4,2,1,3,4,28,27.1
0,0,42.00,8,15,0.533,0,0,,8,14,0.571,2,11,13,1,0,1,3,3,24,16.2
0,1,39.00,7,18,0.389,0,0,,2,8,0.25,3,12,15,1,0,5,6,5,16,5.7
1,1,47.00,9,17,0.529,0,0,,9,18,0.5,12,11,23,3,0,5,1,4,27,29.8
0,1,39.00,9,13,0.692,0,0,,3,8,0.375,4,7,11,2,1,3,6,6,21,14.5
1,1,40.00,5,8,0.625,0,0,,8,16,0.5,4,6,10,6,0,3,4,4,18,16.5
1,1,47.00,14,16,0.875,0,0,,3,5,0.6,1,25,26,2,0,7,2,3,31,35.9
1,1,35.00,8,13,0.615,0,0,,1,3,0.333,2,14,16,6,1,1,1,5,17,18.8
1,1,42.00,9,20,0.45,0,0,,4,6,0.667,7,11,18,4,1,0,1,2,22,21
1,1,42.00,4,11,0.364,0,0,,3,10,0.3,3,11,14,0,0,2,1,2,11,7.1
1,1,39.00,7,15,0.467,0,0,,1,3,0.333,1,8,9,3,0,3,2,4,15,10.2
1,1,43.00,7,17,0.412,0,0,,4,10,0.4,3,5,8,0,1,1,4,4,18,6.2
0,1,35.00,11,18,0.611,0,0,,1,1,1,5,9,14,5,1,2,2,3,23,23.7
1,0,36.00,8,15,0.533,0,0,,1,1,1,2,7,9,4,0,3,2,3,17,14.9
1,0,41.00,7,11,0.636,0,0,,3,10,0.3,7,5,12,1,1,3,5,5,17,12.5
1,1,42.00,12,14,0.857,0,0,,4,11,0.364,3,9,12,0,1,4,2,4,28,25.2
0,0,31.00,4,6,0.667,0,0,,2,6,0.333,3,2,5,0,0,3,5,5,10,3.6
1,1,39.00,11,16,0.688,0,0,,1,3,0.333,6,7,13,3,0,2,2,4,23,21.6
0,1,48.00,12,20,0.6,0,0,,1,8,0.125,5,9,14,5,4,4,2,6,25,25.1
0,1,21.00,7,9,0.778,0,0,,2,7,0.286,2,3,5,2,0,2,2,5,16,11.6
1,1,32.00,7,17,0.412,0,0,,3,9,0.333,1,8,9,2,0,3,1,2,17,10.3
0,1,27.00,5,10,0.5,0,0,,3,12,0.25,1,7,8,1,1,2,3,4,13,5.7
1,1,28.00,8,13,0.615,0,0,,4,10,0.4,3,6,9,4,0,3,9,4,20,9.9
1,0,30.00,8,13,0.615,0,0,,6,14,0.429,6,4,10,1,0,3,2,5,22,17.1
0,0,40.00,9,21,0.429,0,0,,5,7,0.714,8,13,21,4,0,2,3,5,23,19.8
1,1,42.00,7,14,0.5,0,0,,5,17,0.294,6,12,18,4,0,4,4,6,19,14.2
0,0,34.00,6,15,0.4,0,0,,8,15,0.533,6,9,15,1,0,4,4,4,20,13.9
0,1,37.00,9,11,0.818,0,0,,8,16,0.5,2,5,7,6,1,1,2,4,26,23.9
1,1,38.00,10,17,0.588,0,0,,2,10,0.2,5,6,11,6,0,5,0,6,22,21.5
1,1,38.00,6,7,0.857,0,0,,7,12,0.583,4,8,12,1,0,6,5,4,19,18
1,0,37.00,5,8,0.625,0,0,,7,13,0.538,9,4,13,0,1,4,1,3,17,20.1
0,1,38.00,8,10,0.8,0,0,,5,9,0.556,2,7,9,1,0,2,2,5,21,17.2
0,0,38.00,8,17,0.471,0,0,,8,16,0.5,2,15,17,4,0,4,8,4,24,14
1,1,40.00,9,9,1,0,0,,3,10,0.3,3,10,13,0,0,2,0,4,21,20.4
1,0,41.00,12,15,0.8,0,0,,10,13,0.769,7,10,17,2,0,1,1,5,34,34.1
0,1,30.00,7,14,0.5,0,0,,4,8,0.5,4,3,7,5,1,4,3,4,18,15.8
0,0,32.00,5,10,0.5,0,0,,2,8,0.25,2,8,10,3,1,3,5,5,12,6.6
0,1,31.00,8,14,0.571,0,0,,5,12,0.417,1,12,13,5,0,0,5,4,21,12.8
0,1,21.00,7,13,0.538,0,0,,4,5,0.8,2,4,6,1,1,0,4,5,18,9.6
1,1,36.00,7,11,0.636,0,0,,6,9,0.667,0,5,5,5,1,3,3,5,20,17
0,1,37.00,9,13,0.692,0,0,,2,6,0.333,2,7,9,4,1,4,3,3,20,18.8
1,1,38.00,15,23,0.652,0,0,,10,16,0.625,6,6,12,3,0,5,1,3,40,36.9
0,1,36.00,6,9,0.667,0,0,,1,8,0.125,3,9,12,4,0,0,1,6,13,10.5
1,1,41.00,9,14,0.643,0,0,,2,9,0.222,5,6,11,7,1,3,3,2,20,20.5
1,1,40.00,12,18,0.667,0,0,,3,5,0.6,1,5,6,5,1,1,3,3,27,21.6
0,1,40.00,11,19,0.579,0,0,,3,13,0.231,5,5,10,2,0,2,1,4,25,17.3
0,1,39.00,11,19,0.579,0,0,,2,7,0.286,4,7,11,3,0,3,1,6,24,18.8
1,1,32.00,10,14,0.714,0,0,,11,14,0.786,1,6,7,2,0,0,2,4,31,24.3
0,1,36.00,9,21,0.429,0,0,,3,4,0.75,2,5,7,0,1,1,0,3,21,12.9
1,1,23.00,7,13,0.538,0,0,,2,5,0.4,0,3,3,0,1,1,3,5,16,6.1
1,0,39.00,8,13,0.615,0,0,,9,15,0.6,5,9,14,4,2,7,3,5,25,27.6
1,1,36.00,14,21,0.667,0,0,,5,9,0.556,5,13,18,2,1,3,3,1,33,30.8
0,1,34.00,11,15,0.733,0,0,,6,8,0.75,3,7,10,1,0,3,4,4,28,22.5
0,0,38.00,11,18,0.611,0,0,,6,13,0.462,6,5,11,3,1,5,3,4,28,24.7
0,0,38.00,16,20,0.8,0,0,,2,6,0.333,6,5,11,2,1,2,2,4,34,30.7
0,1,36.00,9,15,0.6,0,0,,8,20,0.4,3,9,12,2,0,2,5,3,26,15.7
0,0,51.00,12,25,0.48,0,0,,15,28,0.536,5,5,10,5,0,0,4,4,39,24
1,1,31.00,11,20,0.55,0,0,,3,9,0.333,4,8,12,2,0,2,3,4,25,16.4
1,0,43.00,10,16,0.625,0,0,,4,13,0.308,3,7,10,2,0,3,4,5,24,14.9
1,1,23.00,5,8,0.625,0,0,,2,2,1,1,7,8,1,2,2,2,1,12,12.9
0,0,35.00,9,12,0.75,0,0,,6,17,0.353,3,2,5,0,0,2,2,3,24,15.7
0,1,39.00,13,19,0.684,0,0,,7,20,0.35,3,15,18,3,0,1,5,4,33,22.5
0,1,36.00,10,19,0.526,0,0,,6,11,0.545,4,4,8,7,0,1,2,4,26,20.7
1,1,27.00,6,11,0.545,0,0,,3,5,0.6,1,4,5,2,0,1,3,5,15,7.9
0,0,38.00,11,18,0.611,0,0,,3,5,0.6,3,10,13,5,0,3,3,3,25,22.5
1,1,33.00,11,21,0.524,0,0,,4,9,0.444,7,5,12,3,0,2,1,4,26,21
1,1,32.00,10,17,0.588,0,0,,6,17,0.353,2,8,10,6,1,5,3,4,26,21.6
1,1,37.00,13,22,0.591,0,0,,1,7,0.143,3,11,14,6,0,2,3,3,27,21.2
0,1,42.00,5,16,0.313,0,0,,6,8,0.75,5,8,13,3,1,3,2,2,16,14.3
0,1,34.00,13,21,0.619,0,0,,6,15,0.4,7,5,12,3,1,3,5,4,32,23.9
1,1,36.00,8,12,0.667,0,0,,11,19,0.579,2,5,7,3,0,2,3,2,27,21.2
1,1,32.00,5,8,0.625,0,0,,4,9,0.444,2,6,8,5,1,2,1,2,14,15.7
0,0,2.00,0,0,,0,0,,0,0,,0,0,0,0,0,1,1,0,0,-0.3
0,1,33.00,6,12,0.5,0,0,,8,11,0.727,3,10,13,2,0,2,0,4,20,19.1
1,1,31.00,8,17,0.471,0,0,,2,9,0.222,2,5,7,5,1,2,2,0,18,13.3
0,1,27.00,5,12,0.417,0,0,,3,5,0.6,3,2,5,6,0,1,1,4,13,10.8
1,1,26.00,11,14,0.786,0,0,,3,8,0.375,2,3,5,0,0,2,1,3,25,19.1
1,1,38.00,10,18,0.556,0,0,,13,18,0.722,6,7,13,3,1,3,1,4,33,31.3
1,1,30.00,6,12,0.5,0,0,,3,5,0.6,2,9,11,3,0,0,2,2,15,11.6
1,1,31.00,9,16,0.563,0,0,,3,8,0.375,2,7,9,1,0,4,1,2,21,16.6
0,1,37.00,10,15,0.667,0,0,,3,14,0.214,2,5,7,1,1,0,4,4,23,11.1
1,1,37.00,11,19,0.579,0,0,,3,9,0.333,4,8,12,2,1,4,2,1,25,21.7
1,1,34.00,12,21,0.571,0,0,,9,14,0.643,6,11,17,0,0,3,3,3,33,26.5
0,0,39.00,9,15,0.6,0,0,,5,10,0.5,6,10,16,2,1,3,5,4,23,19.2
1,1,26.00,12,16,0.75,0,0,,1,2,0.5,6,2,8,1,1,1,2,4,25,21.8
0,0,36.00,12,20,0.6,0,0,,2,7,0.286,6,10,16,3,1,4,3,3,26,23.7
1,1,36.00,11,17,0.647,0,0,,6,11,0.545,3,6,9,3,1,2,5,4,28,20.3
0,0,45.00,11,18,0.611,0,0,,2,9,0.222,2,11,13,2,1,1,5,2,24,15
0,1,36.00,15,21,0.714,0,0,,4,7,0.571,4,11,15,3,1,1,3,4,34,29.4
0,0,35.00,5,9,0.556,0,0,,3,11,0.273,2,10,12,3,3,1,9,4,13,5.1
0,0,33.00,12,16,0.75,0,0,,10,20,0.5,2,3,5,1,0,1,1,2,34,25.5
1,1,17.00,5,9,0.556,0,0,,1,3,0.333,2,1,3,1,0,1,1,1,11,7.6
0,1,27.85,6,14,0.429,0,0,,0,3,0,1,5,6,3,1,3,3,2,12,7
1,0,29.15,6,12,0.5,0,0,,6,8,0.75,2,4,6,1,0,4,3,5,18,12.3
1,1,23.22,2,7,0.286,0,0,,6,16,0.375,1,10,11,1,0,1,4,6,10,0.6
0,1,27.12,12,21,0.571,0,0,,6,9,0.667,4,3,7,3,1,1,1,4,30,23.8
0,1,24.80,4,12,0.333,0,0,,5,8,0.625,2,4,6,1,2,2,1,3,13,9.5
0,1,32.27,9,17,0.529,0,0,,3,6,0.5,3,10,13,1,1,2,3,4,21,15.1
0,0,27.12,5,10,0.5,0,0,,0,3,0,2,4,6,1,0,0,4,4,10,1.5
1,1,24.47,13,15,0.867,0,0,,2,6,0.333,4,6,10,4,0,2,1,4,28,27.3
1,0,31.33,10,22,0.455,0,0,,4,11,0.364,4,10,14,1,0,1,1,4,24,14.4
1,1,34.02,8,18,0.444,0,0,,2,5,0.4,6,11,17,3,0,1,6,4,18,10.1
1,1,30.78,10,18,0.556,0,0,,3,3,1,3,5,8,1,1,2,2,4,23,17.5
0,0,35.93,11,21,0.524,0,0,,4,10,0.4,3,3,6,2,0,1,2,2,26,15.6
0,1,29.42,11,15,0.733,0,0,,6,13,0.462,2,8,10,0,0,1,4,5,28,17.6
1,1,23.12,8,12,0.667,0,0,,0,0,,1,6,7,0,1,0,3,4,16,9.7
0,0,29.87,9,13,0.692,0,0,,1,4,0.25,6,3,9,0,1,1,2,4,19,15.5
0,0,23.02,2,6,0.333,0,0,,4,8,0.5,6,7,13,0,0,0,2,4,8,5.7
0,1,25.65,4,9,0.444,0,0,,4,10,0.4,1,6,7,2,0,0,3,2,12,5
0,1,30.05,10,15,0.667,0,0,,1,11,0.091,2,8,10,1,0,3,4,4,21,11.5
0,1,22.82,5,7,0.714,0,0,,6,7,0.857,3,6,9,0,0,1,1,5,16,14.3
0,1,33.75,5,14,0.357,0,0,,2,3,0.667,5,9,14,1,2,3,2,4,12,11.2
0,0,31.50,8,14,0.571,0,0,,2,8,0.25,6,4,10,1,0,0,1,5,18,12.1
1,0,30.75,9,14,0.643,0,0,,5,11,0.455,1,5,6,1,0,3,3,6,23,14
1,1,27.57,11,15,0.733,0,0,,5,8,0.625,2,4,6,2,1,1,1,5,27,22.4
1,1,30.88,8,13,0.615,0,0,,4,8,0.5,5,10,15,1,2,1,3,5,20,17.4
1,0,32.87,7,11,0.636,0,0,,1,4,0.25,3,9,12,3,0,1,2,4,15,12.9
0,1,33.45,9,15,0.6,0,0,,5,7,0.714,4,3,7,5,0,3,3,3,23,20.4
0,1,32.23,6,10,0.6,0,0,,12,18,0.667,3,11,14,1,0,1,1,4,24,21.2
1,1,37.15,8,13,0.615,0,0,,9,17,0.529,4,4,8,2,0,3,4,3,25,18.2
1,1,27.45,10,15,0.667,0,0,,1,4,0.25,2,6,8,1,0,2,3,4,21,14
0,0,26.02,4,12,0.333,0,0,,3,5,0.6,1,6,7,0,0,1,6,5,11,-1.4
1,1,28.90,8,14,0.571,0,0,,5,7,0.714,1,5,6,0,0,2,0,3,21,16
0,0,27.28,9,12,0.75,0,0,,5,6,0.833,1,7,8,1,0,1,3,2,23,18.2
1,1,37.00,14,24,0.583,0,0,,3,6,0.5,5,3,8,0,1,3,3,4,31,21.5
1,1,30.50,9,12,0.75,0,0,,7,14,0.5,3,8,11,3,0,4,4,3,25,21.6
0,1,31.20,3,8,0.375,0,0,,1,5,0.2,6,5,11,6,0,1,3,6,7,6.2
0,1,22.08,7,11,0.636,0,0,,1,3,0.333,1,4,5,2,0,1,4,5,15,7.3
1,1,37.18,15,16,0.938,0,0,,1,6,0.167,2,7,9,4,0,4,2,5,31,28.9
1,1,37.60,11,16,0.688,0,0,,5,15,0.333,5,6,11,3,1,3,2,3,27,23.5
0,1,35.90,7,13,0.538,0,0,,2,9,0.222,4,5,9,3,0,3,0,1,16,15
1,1,25.67,5,7,0.714,0,0,,11,20,0.55,2,6,8,1,1,2,5,6,21,13.4
0,1,41.45,16,23,0.696,0,0,,3,11,0.273,2,10,12,3,1,0,3,5,35,24.6
1,1,36.17,7,14,0.5,0,0,,5,12,0.417,4,7,11,2,1,2,3,4,19,13.3
1,0,36.00,9,15,0.6,0,0,,3,6,0.5,4,11,15,3,0,4,4,4,21,18.3
1,1,29.08,7,14,0.5,0,0,,4,5,0.8,5,3,8,1,0,0,5,3,18,9.5
1,1,17.50,6,7,0.857,0,0,,1,4,0.25,1,6,7,0,0,3,1,4,13,11.3
1,1,39.27,12,19,0.632,0,0,,2,9,0.222,3,8,11,1,1,2,3,4,26,17.7
0,1,31.33,4,12,0.333,0,0,,5,9,0.556,1,4,5,3,0,3,5,5,13,3.7
0,1,24.87,9,13,0.692,0,0,,0,6,0,0,2,2,2,1,1,3,5,18,8.8
0,0,42.85,12,21,0.571,0,0,,3,4,0.75,4,6,10,1,0,1,2,3,27,19.5
1,1,25.48,8,12,0.667,0,0,,6,10,0.6,2,7,9,2,1,0,1,2,22,19.3
1,1,36.77,6,10,0.6,0,0,,11,14,0.786,2,9,11,0,1,2,6,2,23,16.9
0,0,35.95,8,12,0.667,0,0,,2,8,0.25,3,6,9,4,0,0,6,5,18,9.1
1,1,32.17,9,13,0.692,0,0,,6,9,0.667,2,8,10,4,0,4,2,3,24,23.5
1,0,36.00,12,18,0.667,0,0,,4,10,0.4,4,3,7,1,0,2,4,4,28,18
0,1,31.97,13,16,0.813,0,0,,1,4,0.25,3,7,10,3,1,4,4,2,27,25.1
1,0,36.58,7,11,0.636,0,0,,2,6,0.333,2,7,9,4,0,3,5,4,16,11.3
1,1,28.47,7,9,0.778,0,0,,1,5,0.2,4,7,11,10,0,1,3,5,15,17.5
1,1,34.75,5,10,0.5,0,0,,5,7,0.714,1,9,10,1,0,1,2,4,15,10.4
1,0,20.22,5,8,0.625,0,0,,4,7,0.571,3,3,6,2,0,2,1,2,14,13.2
1,0,24.43,3,10,0.3,0,0,,1,2,0.5,3,2,5,0,0,1,3,2,7,0.4
1,1,35.73,10,16,0.625,0,0,,1,3,0.333,2,7,9,1,0,2,5,3,21,12.4
0,1,29.45,5,13,0.385,0,0,,3,4,0.75,3,3,6,3,0,0,1,6,13,7.2
1,0,32.88,6,14,0.429,0,0,,3,9,0.333,2,8,10,1,0,1,5,4,15,3.8
0,0,14.13,2,6,0.333,0,0,,1,2,0.5,2,3,5,0,0,1,2,3,5,1
0,0,15.05,4,6,0.667,0,0,,3,7,0.429,2,2,4,1,1,4,1,2,11,11.5
1,1,28.05,6,13,0.462,0,0,,4,7,0.571,2,6,8,2,1,1,0,6,16,12
0,1,20.35,8,11,0.727,0,0,,4,7,0.571,2,2,4,3,0,0,4,3,20,13.2
1,1,21.27,10,14,0.714,0,0,,2,6,0.333,1,1,2,2,1,2,1,4,22,16.8
0,1,24.08,4,9,0.444,0,0,,1,2,0.5,0,4,4,0,0,4,4,1,9,3.5
0,0,27.70,6,13,0.462,0,0,,2,4,0.5,2,5,7,1,0,1,1,5,14,7.8
1,1,25.02,7,11,0.636,0,0,,2,3,0.667,3,4,7,0,1,1,1,2,16,13.9
1,1,23.60,3,6,0.5,0,0,,0,0,,2,3,5,1,0,5,2,3,6,6.3
0,0,27.27,9,15,0.6,0,0,,2,5,0.4,6,10,16,0,0,1,0,4,20,18.2
0,0,25.07,6,10,0.6,0,0,,5,10,0.5,3,5,8,1,0,1,1,3,17,13.2
1,1,29.02,9,18,0.5,0,0,,1,7,0.143,6,5,11,3,0,1,0,2,19,15.3
0,0,22.90,9,14,0.643,0,0,,2,4,0.5,1,2,3,4,0,1,1,5,20,14.8
0,1,36.85,11,17,0.647,0,0,,1,7,0.143,1,9,10,4,0,3,0,4,23,19.8
1,1,35.60,12,16,0.75,0,0,,7,14,0.5,4,11,15,6,0,1,3,3,31,28.6
1,1,29.35,5,11,0.455,0,0,,4,12,0.333,2,7,9,2,1,1,3,4,14,7.1
1,1,31.83,12,18,0.667,0,0,,0,5,0,1,8,9,8,0,1,1,2,24,21.8
1,1,34.82,13,16,0.813,0,0,,6,11,0.545,4,5,9,2,0,0,6,3,32,22.5
1,1,17.55,5,7,0.714,0,0,,2,8,0.25,3,3,6,2,0,0,2,5,12,7.1
1,1,26.60,6,12,0.5,0,0,,1,4,0.25,3,6,9,3,0,1,1,5,13,9.5
0,1,22.40,7,12,0.583,0,0,,5,14,0.357,2,5,7,1,0,1,2,4,19,10.5
1,1,35.32,8,16,0.5,0,0,,7,14,0.5,2,2,4,3,0,1,4,3,23,11.8
1,0,33.68,6,10,0.6,0,0,,8,11,0.727,0,4,4,0,0,0,1,5,20,12.4
0,1,21.12,4,8,0.5,0,0,,4,6,0.667,1,2,3,6,1,1,3,4,12,9.8
0,0,25.05,4,6,0.667,0,0,,5,11,0.455,1,2,3,0,0,1,2,4,13,6.4
1,0,32.48,8,11,0.727,0,0,,2,9,0.222,5,1,6,1,0,1,6,5,18,7.9
1,1,30.30,5,9,0.556,0,0,,12,20,0.6,3,8,11,2,0,1,1,1,22,19.7
0,0,28.98,6,11,0.545,0,0,,5,9,0.556,3,3,6,3,0,0,3,3,17,11
0,1,37.02,6,10,0.6,0,0,,3,11,0.273,2,7,9,2,0,2,5,2,15,7.7
0,0,35.85,9,13,0.692,0,0,,5,11,0.455,4,4,8,2,0,0,5,4,23,13.9
1,1,30.15,8,12,0.667,0,0,,0,6,0,3,9,12,1,0,3,1,1,16,14.6
0,1,41.88,9,13,0.692,0,0,,2,5,0.4,1,7,8,2,1,1,4,4,20,13.6
0,1,33.28,10,19,0.526,0,0,,2,9,0.222,3,8,11,3,0,1,2,3,22,14
1,0,30.08,6,11,0.545,0,0,,3,7,0.429,3,6,9,1,0,5,3,5,15,11.2
1,1,33.68,10,12,0.833,0,0,,1,5,0.2,3,5,8,0,1,0,4,4,21,14
1,0,24.68,6,10,0.6,0,0,,2,3,0.667,1,6,7,2,0,3,1,3,14,12.8
1,0,29.25,4,6,0.667,0,0,,1,4,0.25,4,3,7,2,0,0,4,5,9,4.3
0,0,28.05,4,13,0.308,0,0,,0,3,0,5,2,7,1,0,4,6,6,8,-1.5
1,0,31.72,8,11,0.727,0,0,,1,2,0.5,3,6,9,2,0,2,1,5,17,15.8
0,0,30.92,6,13,0.462,0,0,,5,10,0.5,1,2,3,1,0,0,1,2,17,8.5
1,0,35.70,11,19,0.579,0,0,,3,6,0.5,6,4,10,3,0,3,3,3,25,20.3
0,1,36.03,7,13,0.538,0,0,,0,0,,3,6,9,2,1,3,2,3,14,12.9
0,0,25.00,7,14,0.5,0,0,,3,6,0.5,1,5,6,0,1,2,2,4,17,9.8
1,0,16.18,4,4,1,0,0,,2,2,1,2,1,3,0,0,0,3,4,10,5.9
0,0,26.67,7,10,0.7,0,0,,3,4,0.75,3,6,9,2,0,2,2,5,17,15.1
0,1,25.73,6,12,0.5,0,0,,6,7,0.857,2,3,5,0,0,0,1,4,18,11.3
1,0,30.27,8,11,0.727,0,0,,2,7,0.286,3,7,10,0,2,7,5,3,18,16.4
1,1,34.05,10,12,0.833,0,0,,6,12,0.5,4,10,14,2,2,3,6,4,26,22.9
0,0,30.72,8,15,0.533,0,0,,4,6,0.667,1,5,6,1,0,0,3,4,20,10.2
1,1,21.65,7,9,0.778,0,0,,1,2,0.5,3,3,6,0,0,3,0,1,15,15.8
1,0,35.18,6,7,0.857,0,0,,1,2,0.5,2,9,11,1,0,1,3,2,13,11.8
0,0,19.63,3,7,0.429,0,0,,0,0,,5,3,8,0,0,0,2,3,6,3.5
0,0,22.40,5,8,0.625,0,0,,2,6,0.333,2,3,5,3,0,2,2,5,12,8.6
0,0,21.32,3,9,0.333,0,0,,2,9,0.222,6,4,10,0,1,0,4,5,8,0.5
0,0,21.12,6,6,1,0,0,,1,3,0.333,3,7,10,1,2,0,3,2,13,13.5
0,1,33.50,4,8,0.5,0,0,,0,4,0,1,7,8,4,2,3,2,3,8,8.9
0,1,29.02,7,10,0.7,0,0,,4,4,1,5,6,11,5,1,1,3,3,18,20.1
1,0,26.57,3,6,0.5,0,0,,1,4,0.25,1,5,6,1,0,1,3,3,7,2.2
1,0,25.55,4,7,0.571,0,0,,4,8,0.5,2,1,3,1,3,1,2,6,12,8.8
1,1,29.52,6,11,0.545,0,0,,3,6,0.5,1,7,8,1,0,3,5,6,15,6.7
0,0,31.45,4,7,0.571,0,0,,8,12,0.667,3,4,7,1,0,1,5,5,16,8.8
1,0,36.05,4,7,0.571,0,0,,4,9,0.444,2,5,7,2,2,1,1,6,12,10.3
1,1,30.00,8,16,0.5,0,0,,1,2,0.5,6,4,10,2,1,3,5,6,17,11.1
0,0,31.07,4,7,0.571,0,0,,5,10,0.5,3,6,9,1,1,2,4,5,13,8.7
0,0,28.93,2,4,0.5,0,0,,1,4,0.25,4,6,10,0,0,0,3,3,5,2.2
1,0,32.62,8,14,0.571,0,0,,8,12,0.667,3,7,10,2,0,0,3,6,24,16
1,0,36.93,9,17,0.529,0,0,,2,5,0.4,6,5,11,1,0,2,1,4,20,15.7
1,0,23.98,4,8,0.5,0,0,,2,4,0.5,1,4,5,2,0,2,5,4,10,3.3
1,0,27.85,4,8,0.5,0,0,,2,3,0.667,2,3,5,1,0,2,3,4,10,5.4
1,0,28.75,6,9,0.667,0,0,,3,8,0.375,4,5,9,3,0,2,3,5,15,11.9
1,1,26.33,1,5,0.2,0,0,,2,6,0.333,1,13,14,1,1,2,4,4,4,1.4
1,0,33.20,3,8,0.375,0,0,,1,8,0.125,2,9,11,1,0,0,3,2,7,0.8
0,1,24.25,4,6,0.667,0,0,,5,8,0.625,4,7,11,2,0,1,2,2,13,13.4
0,0,31.78,6,10,0.6,0,0,,3,4,0.75,1,6,7,1,0,2,3,2,15,10.8
1,0,25.90,4,5,0.8,0,0,,0,0,,1,6,7,2,0,1,4,4,8,5.1
0,1,33.73,1,5,0.2,0,0,,4,9,0.444,2,11,13,2,0,3,1,2,6,7.3
0,0,30.02,5,6,0.833,0,0,,2,4,0.5,3,15,18,2,0,0,5,3,12,10.8
1,0,31.72,8,12,0.667,0,0,,4,8,0.5,3,4,7,0,0,2,1,5,20,14.9
1,1,35.37,6,11,0.545,0,0,,2,3,0.667,4,12,16,1,0,2,4,5,14,10.8
1,1,16.60,1,1,1,0,0,,0,0,,2,6,8,6,1,3,2,2,2,9.4
1,1,14.15,3,5,0.6,0,0,,3,4,0.75,0,4,4,0,0,0,3,5,9,2.5
1,1,25.93,6,6,1,0,0,,5,10,0.5,3,5,8,2,0,1,1,2,17,17.1
0,1,33.03,7,9,0.778,0,0,,2,6,0.333,4,11,15,5,2,3,4,2,16,19.8
0,1,29.07,4,9,0.444,0,0,,1,5,0.2,3,5,8,0,0,0,4,2,9,1.5
1,1,35.78,8,10,0.8,0,0,,7,9,0.778,2,11,13,1,0,0,4,5,23,17.8
0,0,42.15,5,11,0.455,0,0,,2,3,0.667,3,7,10,2,0,0,3,5,12,6.5
0,0,27.75,6,9,0.667,0,0,,4,5,0.8,0,7,7,1,1,0,4,4,16,9.9
0,1,28.87,6,8,0.75,0,0,,3,7,0.429,3,10,13,1,0,1,0,3,15,15.5
0,1,33.93,5,8,0.625,0,0,,7,10,0.7,2,5,7,2,0,2,5,5,17,10.9
1,1,34.85,8,13,0.615,0,0,,4,5,0.8,1,11,12,3,3,0,5,4,20,16.2
0,0,29.18,6,12,0.5,0,0,,2,9,0.222,2,11,13,2,1,2,2,4,14,10.1
1,1,22.42,2,5,0.4,0,0,,1,2,0.5,3,8,11,2,1,2,0,1,5,9.8
1,0,33.87,6,11,0.545,0,0,,1,1,1,3,10,13,1,1,2,2,4,13,12.3
0,1,24.47,7,9,0.778,0,0,,2,4,0.5,0,9,9,0,2,1,5,4,16,10.5
0,0,31.93,7,12,0.583,0,0,,2,4,0.5,5,6,11,4,0,1,5,4,16,11.8
1,1,28.02,6,10,0.6,0,0,,7,14,0.5,4,11,15,0,0,1,3,3,19,14.2
1,1,10.40,3,4,0.75,0,0,,3,4,0.75,2,4,6,1,0,0,1,1,9,8.9
0,1,30.07,5,10,0.5,0,0,,5,8,0.625,2,11,13,1,0,2,1,5,15,12.6
1,0,22.30,3,4,0.75,0,0,,2,5,0.4,2,6,8,0,0,1,2,1,8,6.7
1,1,30.22,6,8,0.75,0,0,,4,5,0.8,0,8,8,1,1,1,0,3,16,16
0,1,23.50,7,8,0.875,0,0,,4,5,0.8,1,5,6,0,1,2,5,3,18,13.2
0,1,11.87,1,2,0.5,0,0,,1,4,0.25,1,5,6,1,0,0,1,4,3,1.1
0,1,34.65,12,16,0.75,0,0,,5,9,0.556,4,7,11,4,1,0,2,5,29,25.7
1,1,21.52,3,8,0.375,0,0,,3,5,0.6,0,5,5,2,0,0,2,6,9,2.3
1,0,31.85,7,12,0.583,0,0,,4,4,1,7,6,13,3,0,4,2,3,18,20.8
0,1,43.22,10,15,0.667,0,0,,9,15,0.6,4,9,13,6,1,1,4,3,29,26.3
1,1,13.13,6,12,0.5,0,0,,0,3,0,1,1,2,0,0,0,1,3,12,3.6
0,0,31.80,3,11,0.273,0,0,,3,4,0.75,0,1,1,5,0,3,3,4,9,3.4
1,0,26.78,6,12,0.5,0,0,,3,6,0.5,6,3,9,1,0,0,4,3,15,8.4
1,1,36.25,8,12,0.667,0,0,,3,8,0.375,7,10,17,1,0,2,4,3,19,16.6
0,1,33.13,7,13,0.538,0,0,,4,9,0.444,1,9,10,1,1,3,0,3,18,15.7
1,0,28.67,6,8,0.75,0,0,,0,0,,4,5,9,0,1,1,1,3,12,12.6
1,0,26.25,4,6,0.667,0,0,,1,3,0.333,1,4,5,1,1,2,2,3,9,7.4
0,0,25.82,1,6,0.167,0,0,,2,2,1,1,4,5,2,1,1,0,2,4,4.4
1,1,23.03,5,7,0.714,0,0,,5,6,0.833,2,8,10,1,0,0,0,5,15,14.2
1,1,34.05,14,19,0.737,0,0,,7,12,0.583,3,5,8,1,0,3,1,4,35,29.1
1,1,34.78,6,12,0.5,0,0,,11,18,0.611,4,8,12,4,0,0,3,4,23,17.6
0,0,37.35,7,11,0.636,0,0,,5,7,0.714,3,3,6,2,0,1,3,3,19,14.2
1,1,33.05,7,14,0.5,0,0,,5,8,0.625,5,4,9,3,0,1,2,5,19,14.3
1,0,37.55,7,15,0.467,0,0,,9,16,0.563,2,10,12,2,1,4,1,3,23,19.9
0,1,31.50,10,12,0.833,0,0,,8,12,0.667,3,9,12,2,0,2,3,2,28,25.8
0,1,38.57,8,13,0.615,0,0,,8,10,0.8,3,10,13,1,1,3,4,3,24,21
1,1,36.35,6,13,0.462,0,0,,5,8,0.625,1,8,9,1,1,2,2,4,17,11.7
1,1,26.73,9,15,0.6,0,0,,7,7,1,2,8,10,0,0,2,2,2,25,20.5
0,1,37.62,5,11,0.455,0,0,,5,5,1,2,8,10,2,1,2,0,3,15,15.7
1,1,39.88,10,17,0.588,0,0,,6,11,0.545,2,8,10,2,0,3,1,3,26,21.2
1,0,32.22,9,13,0.692,0,0,,4,7,0.571,2,9,11,4,1,0,1,5,22,20.2
0,1,24.73,6,9,0.667,0,0,,4,4,1,2,2,4,2,0,1,5,6,16,8.8
0,0,30.27,8,13,0.615,0,0,,0,0,,1,10,11,2,0,2,3,2,16,12.8
0,0,37.92,8,16,0.5,0,0,,5,13,0.385,1,11,12,1,0,3,4,4,21,11
0,0,30.15,6,10,0.6,0,0,,8,12,0.667,0,7,7,0,1,1,2,3,20,14.4
0,1,38.83,7,9,0.778,0,0,,5,8,0.625,0,11,11,1,1,1,4,5,19,14
0,1,36.95,10,14,0.714,0,0,,9,10,0.9,2,6,8,2,1,3,3,3,29,26.3
1,0,34.63,5,14,0.357,0,0,,3,5,0.6,2,4,6,0,0,1,3,5,13,2.7
1,0,35.02,6,11,0.545,0,0,,6,9,0.667,2,6,8,2,0,2,3,6,18,12.1
1,1,22.97,4,7,0.571,0,0,,2,6,0.333,4,5,9,3,0,2,3,1,10,9.5
0,0,27.93,8,9,0.889,0,0,,1,2,0.5,3,9,12,1,0,1,0,3,17,18.5
1,1,26.48,4,11,0.364,0,0,,4,8,0.5,4,3,7,1,1,0,3,6,12,4.3
0,1,33.37,7,16,0.438,0,0,,6,8,0.75,5,5,10,0,0,1,2,3,20,13.3
0,0,21.03,3,7,0.429,0,0,,1,4,0.25,4,6,10,1,1,0,3,2,7,4.6
0,0,33.83,5,7,0.714,0,0,,1,1,1,1,5,6,1,1,2,4,2,11,8.6
1,1,21.22,6,6,1,0,0,,3,3,1,0,8,8,1,0,0,3,2,15,12.5
0,1,25.83,8,10,0.8,0,0,,0,0,,1,5,6,3,0,2,2,3,16,14.7
1,1,30.60,9,14,0.643,0,0,,4,7,0.571,5,4,9,2,0,1,0,1,22,21
1,0,27.33,7,11,0.636,0,0,,3,6,0.5,0,6,6,0,0,2,2,5,17,10.1
1,1,30.03,7,12,0.583,0,0,,6,7,0.857,1,10,11,2,0,3,3,3,20,17
0,0,21.27,3,7,0.429,0,0,,6,7,0.857,2,5,7,0,0,2,2,2,12,9.4
1,1,35.13,20,25,0.8,0,0,,5,8,0.625,3,8,11,2,3,1,3,4,45,39.3
1,1,35.22,13,18,0.722,0,0,,7,12,0.583,2,5,7,3,0,0,6,6,33,20.2
0,0,35.40,9,13,0.692,0,0,,1,3,0.333,6,5,11,0,3,2,4,4,19,17.2
0,0,30.05,8,13,0.615,0,0,,6,9,0.667,4,4,8,1,2,2,1,6,22,19.6
0,0,36.50,8,12,0.667,0,0,,1,2,0.5,3,2,5,2,1,2,3,4,17,13.3
0,0,30.82,6,16,0.375,0,0,,2,4,0.5,3,2,5,0,1,0,0,4,14,6.5
1,0,33.18,9,10,0.9,0,0,,3,7,0.429,1,7,8,1,0,1,2,3,21,17
1,0,25.83,5,6,0.833,0,0,,2,3,0.667,3,4,7,0,0,1,4,6,12,7
1,1,24.60,3,7,0.429,0,0,,6,8,0.75,1,3,4,2,2,0,0,4,12,10.9
0,1,23.82,11,13,0.846,0,0,,4,9,0.444,1,3,4,2,0,1,2,2,26,20.2
1,1,39.32,12,18,0.667,0,0,,2,5,0.4,6,5,11,3,0,3,2,1,26,24.5
1,1,23.23,5,10,0.5,0,0,,3,7,0.429,3,7,10,4,0,1,2,3,13,10.9
1,1,24.13,6,8,0.75,0,0,,7,8,0.875,3,4,7,2,1,3,2,5,19,19.2
1,1,34.72,4,8,0.5,0,0,,4,6,0.667,2,10,12,5,0,3,1,3,12,15
0,0,25.38,9,14,0.643,0,0,,2,2,1,5,2,7,4,1,0,3,2,20,17.9
0,0,32.55,6,13,0.462,0,0,,4,5,0.8,5,5,10,1,4,0,2,4,16,15
0,0,35.05,9,13,0.692,0,1,0,6,15,0.4,3,6,9,3,0,1,2,3,24,18.4
1,1,38.38,8,17,0.471,0,0,,6,11,0.545,3,7,10,1,3,2,3,1,22,17.2
1,1,23.50,4,4,1,0,0,,3,7,0.429,0,6,6,1,2,3,1,3,11,12.6
0,0,27.07,6,9,0.667,0,0,,2,5,0.4,3,4,7,3,1,0,2,2,14,12.5
0,1,36.63,7,10,0.7,0,0,,3,8,0.375,1,10,11,4,0,2,4,1,17,14.3
0,0,17.78,4,9,0.444,0,0,,1,4,0.25,2,1,3,1,2,1,4,3,9,3
0,1,18.47,2,7,0.286,0,0,,6,9,0.667,4,6,10,1,0,1,1,2,10,8.9
1,1,30.22,8,11,0.727,0,0,,3,9,0.333,1,2,3,1,4,1,2,3,19,15.6
1,1,31.05,5,9,0.556,0,0,,5,11,0.455,3,3,6,0,0,1,1,4,15,9.4
1,0,28.80,5,11,0.455,0,0,,0,2,0,0,10,10,1,0,1,1,2,10,6.1
0,0,24.98,6,12,0.5,0,0,,0,3,0,4,3,7,0,0,0,1,4,12,5.9
0,1,18.90,3,6,0.5,0,0,,0,3,0,1,6,7,3,0,3,3,5,6,3.5
1,1,26.73,3,7,0.429,0,0,,2,4,0.5,3,3,6,3,1,2,0,4,8,9.4
1,1,28.53,7,9,0.778,0,0,,7,10,0.7,2,6,8,3,0,1,1,4,21,19.7
1,0,31.20,7,13,0.538,0,0,,0,0,,0,10,10,1,0,5,3,2,14,11.1
0,1,18.83,3,5,0.6,0,0,,1,2,0.5,0,4,4,0,2,0,2,0,7,5.5
0,1,19.60,4,8,0.5,0,0,,2,4,0.5,0,5,5,1,0,2,2,5,10,4.8
0,1,21.37,4,8,0.5,0,0,,6,10,0.6,0,5,5,3,0,0,0,5,14,10
0,0,30.13,5,11,0.455,0,0,,1,3,0.333,2,6,8,0,0,1,1,3,11,6.2
1,1,25.30,4,10,0.4,0,0,,1,4,0.25,2,4,6,4,0,0,4,4,9,2.2
1,1,20.57,5,10,0.5,0,0,,2,5,0.4,4,5,9,2,0,1,2,3,12,9
1,1,17.80,4,5,0.8,0,0,,0,5,0,2,5,7,1,0,1,3,1,8,5
0,1,15.27,5,9,0.556,0,0,,0,0,,0,1,1,0,0,0,4,4,10,0.4
0,0,30.10,7,13,0.538,0,0,,2,4,0.5,2,4,6,0,1,4,2,5,16,11.3
0,0,22.73,2,8,0.25,0,1,0,3,6,0.5,3,7,10,3,0,0,2,5,7,3.3
1,1,23.02,5,11,0.455,0,0,,4,4,1,3,8,11,0,0,1,2,1,14,11.1
0,1,18.27,2,7,0.286,0,0,,1,2,0.5,1,5,6,2,0,2,3,5,5,0.5
1,1,24.90,7,9,0.778,0,0,,2,6,0.333,3,2,5,2,1,3,1,3,16,15.9
0,1,27.00,2,4,0.5,0,0,,6,8,0.75,1,8,9,1,1,1,1,2,10,10.9
1,1,17.47,4,6,0.667,0,0,,1,2,0.5,1,5,6,1,0,1,2,2,9,6.8
0,0,17.53,1,7,0.143,0,0,,3,4,0.75,3,5,8,0,0,0,2,3,5,0.5
0,1,19.18,1,2,0.5,0,0,,1,2,0.5,2,3,5,1,1,1,4,3,3,1.1
0,1,21.97,4,7,0.571,0,0,,0,0,,2,6,8,2,0,2,3,4,8,6.1
0,1,21.93,5,8,0.625,0,0,,1,4,0.25,2,5,7,0,0,0,0,5,11,7.1
1,1,22.48,5,12,0.417,0,0,,3,4,0.75,6,5,11,4,0,1,1,4,13,12.8
0,1,25.63,5,7,0.714,0,0,,0,0,,2,6,8,0,0,0,1,2,10,8.5
1,1,20.23,4,9,0.444,0,0,,3,8,0.375,2,3,5,3,0,1,2,1,11,7
0,1,26.33,4,11,0.364,0,0,,4,7,0.571,3,6,9,1,0,1,3,3,12,5.8
1,0,27.00,4,5,0.8,0,0,,2,3,0.667,1,6,7,0,0,0,2,2,10,7.4
1,1,17.38,6,9,0.667,0,0,,5,7,0.714,1,5,6,1,0,1,2,3,17,12.7
0,0,16.15,4,5,0.8,0,0,,2,4,0.5,2,2,4,2,0,1,2,5,10,7.4
0,1,24.65,3,4,0.75,0,0,,5,8,0.625,3,8,11,5,0,0,0,2,11,15.4
0,1,18.80,5,8,0.625,0,0,,3,5,0.6,0,6,6,0,0,2,3,1,13,8.4
0,0,19.48,2,4,0.5,0,0,,1,2,0.5,0,3,3,0,0,1,4,5,5,-1.8
0,1,20.93,3,7,0.429,0,0,,5,6,0.833,1,0,1,2,1,0,0,3,11,8.8
1,1,23.85,7,10,0.7,0,0,,2,3,0.667,1,4,5,2,0,0,2,5,16,10.7
1,1,28.45,5,9,0.556,0,0,,3,4,0.75,1,5,6,3,1,1,2,3,13,11.1
1,1,32.38,8,10,0.8,0,0,,6,15,0.4,1,5,6,3,0,1,2,4,22,16
0,1,27.43,9,13,0.692,0,0,,1,4,0.25,1,4,5,2,0,1,4,5,19,10.3
1,1,19.05,6,8,0.75,0,0,,1,1,1,1,3,4,4,0,0,3,2,13,10.4
0,1,24.70,8,10,0.8,0,0,,6,12,0.5,1,7,8,1,0,2,3,2,22,16.9
1,1,30.77,7,12,0.583,0,0,,2,2,1,4,8,12,3,0,1,2,4,16,14.8
1,1,21.43,6,10,0.6,0,0,,1,4,0.25,2,11,13,2,0,4,2,1,13,13.7
1,1,21.42,6,12,0.5,0,0,,1,3,0.333,3,5,8,1,0,0,1,2,13,8.7
1,1,25.60,8,13,0.615,0,0,,3,5,0.6,1,0,1,1,1,3,5,0,19,11.8
1,1,23.23,3,5,0.6,0,0,,1,2,0.5,1,7,8,5,2,2,1,2,7,12.2
1,1,19.45,5,9,0.556,0,0,,0,1,0,3,3,6,0,0,1,2,5,10,5
1,0,30.30,9,15,0.6,0,0,,0,6,0,0,7,7,0,0,1,1,5,18,8.5
0,0,26.90,4,9,0.444,0,0,,2,6,0.333,2,5,7,0,3,2,2,3,10,7.8
0,0,31.10,9,10,0.9,0,0,,2,2,1,3,2,5,1,0,2,2,5,20,17.4
1,1,30.78,9,13,0.692,0,0,,2,5,0.4,3,4,7,0,0,1,2,5,20,13.3
0,1,12.35,3,8,0.375,0,0,,0,0,,1,1,2,0,0,0,0,1,6,2.2
1,1,18.15,3,7,0.429,0,0,,3,8,0.375,2,5,7,0,0,1,1,2,9,5.1
0,0,21.03,3,4,0.75,0,0,,1,2,0.5,0,2,2,3,0,0,2,4,7,4.1
1,1,22.53,5,7,0.714,0,0,,0,0,,3,4,7,0,0,0,1,3,10,8.2
0,1,21.45,1,4,0.25,0,0,,3,5,0.6,2,5,7,0,1,0,1,5,5,2.7
0,1,22.37,7,10,0.7,0,0,,4,5,0.8,2,4,6,0,1,1,4,5,18,11.7
1,1,22.37,6,7,0.857,0,0,,1,5,0.2,4,2,6,0,0,0,0,2,13,11.5
1,0,27.87,5,5,1,0,0,,1,2,0.5,0,6,6,1,1,1,2,5,11,9.3
0,0,19.68,2,8,0.25,0,0,,4,4,1,3,2,5,1,0,2,1,6,8,4.6
0,1,21.20,6,8,0.75,0,0,,1,2,0.5,3,8,11,2,1,0,1,1,13,14.9
1,1,31.62,9,10,0.9,0,0,,7,13,0.538,3,8,11,0,1,0,0,5,25,22.7
1,1,22.20,5,5,1,0,0,,6,8,0.75,2,7,9,1,1,2,1,1,16,18.9
0,1,22.55,2,5,0.4,0,0,,2,6,0.333,2,5,7,2,1,1,1,2,6,5.9
1,1,26.40,5,7,0.714,0,0,,4,6,0.667,2,2,4,1,0,1,4,3,14,8.5
1,1,19.97,5,6,0.833,0,0,,2,4,0.5,1,4,5,2,0,0,1,6,12,8.9
0,1,11.83,1,2,0.5,0,0,,1,1,1,1,3,4,0,0,0,0,0,3,3.6
1,1,21.15,3,4,0.75,0,0,,3,6,0.5,2,4,6,0,0,3,2,3,9,7.7
1,1,20.77,4,8,0.5,0,0,,3,3,1,0,5,5,0,0,0,2,5,11,4.5
1,1,27.42,5,8,0.625,0,0,,3,7,0.429,3,6,9,1,1,2,2,3,13,11.6
0,0,12.65,1,3,0.333,0,0,,0,0,,0,1,1,0,1,1,2,6,2,-2.1
0,1,16.43,2,2,1,0,0,,5,6,0.833,0,2,2,0,0,2,4,6,9,3.6
0,0,16.40,2,5,0.4,0,0,,1,2,0.5,0,1,1,0,0,1,2,0,5,0.9
1,0,14.97,4,5,0.8,0,0,,2,3,0.667,0,1,1,0,0,1,3,4,10,4.1
0,1,24.33,3,3,1,0,0,,1,5,0.2,0,6,6,0,0,4,1,4,7,6.5
1,1,30.33,4,6,0.667,0,0,,1,1,1,0,2,2,1,0,1,1,2,9,6.6
1,1,20.53,2,3,0.667,0,0,,0,3,0,0,1,1,0,0,1,1,3,4,0.3
1,1,20.73,6,9,0.667,0,0,,0,4,0,3,3,6,2,0,0,2,2,12,8.1
0,0,19.50,2,4,0.5,0,0,,1,2,0.5,0,4,4,1,0,2,0,4,5,4.3
1,0,20.58,3,3,1,0,0,,4,4,1,0,2,2,2,0,0,0,1,10,10.7
1,1,13.42,1,2,0.5,0,0,,0,0,,1,0,1,1,1,1,3,4,2,-0.5
1,1,35.22,10,12,0.833,0,0,,3,3,1,2,3,5,2,0,5,3,4,23,21.2
1,1,25.65,5,7,0.714,0,0,,2,2,1,0,2,2,1,1,2,2,5,12,8.8
1,1,25.02,5,9,0.556,0,0,,2,5,0.4,5,7,12,0,3,2,0,2,12,15.7
1,1,6.32,1,1,1,0,0,,0,0,,0,0,0,1,1,0,0,1,2,3
0,0,15.00,2,4,0.5,0,0,,1,2,0.5,0,4,4,1,1,2,0,3,5,5.7
0,1,12.70,0,2,0,0,0,,0,0,,2,4,6,0,0,2,2,5,0,-1.4
0,1,15.78,1,3,0.333,0,0,,1,2,0.5,0,4,4,0,0,1,3,3,3,-1.4
1,1,5.48,3,3,1,0,0,,0,0,,0,1,1,0,0,0,1,0,6,4.4
